persona,cuil,empleadora,cuit_empleadora,fecha_inicio,fecha_fin,categoria,codigo_declarado,codigo_correcto,estado,senal,userProjectId,indice_contrato
AQUINO EDUARDO CRISTIAN MARCELO,20252841572,,,2023-06-01,,Asistente de Iluminación,035313,035312,Disponible,estado,696421995dd723128ad69d36,0
AGUINAGA AGUSTINA MARIA,27313898542,,,2023-06-01,,Modista Realizadora,035349,035347,Disponible,estado,696422b15dd723128ad69e20,0
HEREDIA MAURICIO RAUL,20261446929,,,2025-10-06T00:00:00.000Z,2025-11-10T00:00:00.000Z,Fotógrafo,035317,035315,Disponible,estado,696422505dd723128ad69e06,0
CONTURSI NATALIA LAURA,27249054998,,,2025-10-06T00:00:00.000Z,2025-11-10T00:00:00.000Z,Asistente de Arte,035339,035359,Disponible,estado,696423db5dd723128ad69f19,0
DURAN BETINA ANDREA,27257267992,,,2025-10-13T00:00:00.000Z,2025-11-10T00:00:00.000Z,Ambientador General,035312,035324,Disponible,estado,696422115dd723128ad69dbb,0
NUÑEZ DELGADO AARON ANIBAL,20949611028,,,2025-11-01T00:00:00.000Z,2025-11-08T00:00:00.000Z,Peinador,035352,035350,Disponible,estado,696422195dd723128ad69dc7,0
ALBA VERONICA,27281762287,,,2025-11-03T00:00:00.000Z,2025-11-08T00:00:00.000Z,Asistente de Arte,035339,035359,Disponible,estado,696421b85dd723128ad69d50,0
OLMOS ROBERTO HUGO,20368240800,,,2025-11-03T00:00:00.000Z,2025-11-09T00:00:00.000Z,Utilero,035358,035356,Disponible,estado,6964220a5dd723128ad69db0,0
ARANCIBIA LUIS ALBERTO,20295454033,,,2025-11-03T00:00:00.000Z,2025-11-08T00:00:00.000Z,Reflectorista,035354,035352,Disponible,estado,696422265dd723128ad69dd9,0
NUÑEZ MARIA DANIELA,27238888641,,,2025-11-03T00:00:00.000Z,2025-11-08T00:00:00.000Z,Continuista,035314,035323,Disponible,estado,696421f95dd723128ad69d9b,0
AMBROSINI PABLO ALEJANDRO,20229223152,,,2025-11-03T00:00:00.000Z,2025-11-08T00:00:00.000Z,Camarógrafo Realizador,035286,035292,Disponible,estado,6964221b5dd723128ad69dcb,0
FERNANDEZ JUAN SEBASTIAN,20272158887,,,2025-11-05T00:00:00.000Z,2025-11-05T00:00:00.000Z,Microfonista,035348,035346,Disponible,estado,696421fe5dd723128ad69da1,0
CERASO FACUNDO JOAQUIN,20432458467,,,2025-11-07T00:00:00.000Z,2025-11-07T00:00:00.000Z,Asistente de Arte,035339,035359,Disponible,estado,696423445dd723128ad69e91,0
Paccoret Guido Juan Carlos,20343959010,,,2025-11-07T00:00:00.000Z,2025-11-07T00:00:00.000Z,Asistente de Arte,035339,035359,Disponible,estado,696423c15dd723128ad69efd,0
GUEVARA PABLO CLAUDIO,23229758969,,,2025-11-10T00:00:00.000Z,2025-11-10T00:00:00.000Z,Utilero,035358,035356,Disponible,estado,696421f05dd723128ad69d91,0
HERNANDEZ DUNN FACUNDO ARIEL,20434475342,,,2026-05-01,,Auxiliar de Estudios,035342,035340,Disponible,estado,696424de5dd723128ad69f78,7
HEREDIA MAURICIO RAUL,20261446929,,,2026-06-15T00:00:00.000Z,2026-07-31T00:00:00.000Z,Fotógrafo,035317,035315,Disponible,estado,6a591a7140ebfaac03e0c6be,0
DURAN BETINA ANDREA,27257267992,,,2026-06-16T00:00:00.000Z,2026-07-31T00:00:00.000Z,Ambientador General,035312,035324,Disponible,estado,6a591a5040ebfaac03e0ab4f,0
CHAVES MARIA EVA,23260008994,,,2026-06-16T00:00:00.000Z,2026-07-31T00:00:00.000Z,Ambientador General,035312,035324,Disponible,estado,6a591a8540ebfaac03e0ced9,0
CONTURSI NATALIA LAURA,27249054998,,,2026-06-16T00:00:00.000Z,2026-07-31T00:00:00.000Z,Escenógrafo,035287,035286,Disponible,estado,6a591aeb40ebfaac03e1bfc2,0
DEL CAMPO JOSEFINA,27304259618,,,2026-06-22T00:00:00.000Z,2026-07-31T00:00:00.000Z,Modista Realizadora,035349,035347,Disponible,estado,6a591a4a40ebfaac03e0a565,0
MEIRELES JUANA INES,27389956819,,,2026-06-22T00:00:00.000Z,2026-07-31T00:00:00.000Z,Modista Realizadora,035349,035347,Disponible,estado,6a591a6e40ebfaac03e0c3b5,0
MORELLI RODOLFO DANIEL,20210727397,,,2026-07-01,2026-07-31,Peinador,035352,035350,Envio de documentacion,estado,696425095dd723128ad69f94,24
PEREYRA CAMILA,23356554434,,,2026-07-01T00:00:00.000Z,2026-07-31T00:00:00.000Z,Asistente de Arte,035339,035359,Disponible,estado,6a591a4940ebfaac03e0a537,0
RIERA LUCIANA,27256694781,,,2026-07-01T00:00:00.000Z,2026-07-31T00:00:00.000Z,Asistente de Arte,035339,035359,Disponible,estado,6a591a4c40ebfaac03e0a835,0
CAFIERO LUCAS JOSE,20277788153,,,2026-07-06T00:00:00.000Z,2026-07-31T00:00:00.000Z,Asistente de cámara especializado / Grip,035340,035358,Disponible,estado,6a591a7d40ebfaac03e0cb00,0
NUÑEZ MARIA DANIELA,27238888641,,,2026-07-06T00:00:00.000Z,2026-07-31T00:00:00.000Z,Continuista,035314,035323,Disponible,estado,6a591a4440ebfaac03e0a0bb,0
LAMPO IGNACIO FLAVIO,20295948176,,,2026-07-06T00:00:00.000Z,2026-07-31T00:00:00.000Z,Asistente de Iluminación,035313,035312,Disponible,estado,6a591ae940ebfaac03e1b8c3,0
SEOANE FRANCISCO JAVIER,23303664289,,,2026-07-06T00:00:00.000Z,2026-07-31T00:00:00.000Z,Microfonista,035348,035346,Disponible,estado,6a591a3440ebfaac03e08d52,0
KATLIREVSKY PABLO ARIEL,20292555416,,,2026-07-13T00:00:00.000Z,2026-07-31T00:00:00.000Z,Fotógrafo,035317,035315,Disponible,estado,6a591a6240ebfaac03e0bf1a,0
FERNANDEZ JAVIER EZEQUIEL,20286283420,,,2026-07-13T00:00:00.000Z,2026-07-31T00:00:00.000Z,Utilero,035358,035356,Disponible,estado,6a591a6940ebfaac03e0c0b8,0
DOMINGUEZ CARLOS JAVIER,20260840224,,,2026-07-13T00:00:00.000Z,2026-07-31T00:00:00.000Z,Utilero,035358,035356,Disponible,estado,6a591a6d40ebfaac03e0c385,0
REIG GERONIMO DANIEL,23302971099,,,2026-07-15T00:00:00.000Z,2026-08-21T00:00:00.000Z,Ambientador General,035312,035324,Disponible,estado,6a6b24b76db5eb54e9831e1e,0
FRANCO ORTIZ PABLO ENRIQUE,20190896685,,,2026-07-15T00:00:00.000Z,2026-08-21T00:00:00.000Z,Técnico de Mantenimiento Electónico,035292,035291,Disponible,estado,6a6b24956db5eb54e982ed76,0
VELARDITA FLAVIA FLORENCIA,27330043437,,,2026-07-15T00:00:00.000Z,2026-08-21T00:00:00.000Z,Ambientador General,035312,035324,Disponible,estado,6a6b24a26db5eb54e982ff9e,0
FUNEZ JULIO RAMON AURELIO,20216305052,,,2026-07-15T00:00:00.000Z,2026-08-21T00:00:00.000Z,Asistente de Iluminación,035313,035312,Disponible,estado,6a6b25116db5eb54e9844ffa,0
VALFRE MIGUEL ALEJANDRO,23278081559,,,2026-07-15T00:00:00.000Z,2026-08-21T00:00:00.000Z,Iluminador,035288,035287,Disponible,estado,6a6b24a16db5eb54e982ff79,1
Luaces Federico Antonio Raúl,2025182892,,,2026-07-15T00:00:00.000Z,2026-08-21T00:00:00.000Z,Ambientador General,035312,035324,Disponible,estado,6a6b249b6db5eb54e982f497,0
EGUIBAR MARTIN,20353492897,,,2026-07-16T00:00:00.000Z,2026-08-21T00:00:00.000Z,Técnico Electricista,035324,035322,Disponible,estado,6a6b24926db5eb54e982e6f3,0
PAPOUSEK ANDRES ESTEBAN,20253752085,,,2026-07-16T00:00:00.000Z,2026-08-21T00:00:00.000Z,Asistente de Iluminación,035313,035312,Disponible,estado,6a6b24ad6db5eb54e9830f93,0
DODERO BERANGER IÑAKI,20384264604,,,2026-07-17T00:00:00.000Z,2026-08-21T00:00:00.000Z,Ambientador General,035312,035324,Disponible,estado,6a4c058b80db2623ba4dc800,1
ACEVEDO JULIO ALBERTO,20290800936,,,2026-07-17T00:00:00.000Z,2026-08-21T00:00:00.000Z,Iluminador,035288,035287,Disponible,estado,6a6b24a76db5eb54e9830542,1
GIRALDO ESTEFANIA,27307432612,,,2026-07-17T00:00:00.000Z,2026-08-21T00:00:00.000Z,Escenógrafo,035287,035286,Disponible,estado,6a6b24b46db5eb54e9831b82,1
BALESTRINO LUCAS EZEQUIEL,20303247484,,,2026-07-18T00:00:00.000Z,2026-07-18T00:00:00.000Z,Asistente de Iluminación,035313,035312,Disponible,estado,6a6b24cf6db5eb54e983326c,0
Casale Malena Victoria,2745889610,,,2026-07-24T00:00:00.000Z,2026-07-25T00:00:00.000Z,Asistente de cámara especializado / Grip,035340,035358,Disponible,estado,6a84956a15ceabf99964d6f9,0
NIEVA LEONARDO RAMIRO,20200107811,,,2026-07-24T00:00:00.000Z,2026-07-24T00:00:00.000Z,Asistente de Iluminación,035313,035312,Disponible,estado,6a9d4e212759c248ed0edb53,0
BALESTRINO LUCAS EZEQUIEL,20303247484,,,2026-07-24T00:00:00.000Z,2026-07-31T00:00:00.000Z,Asistente de Iluminación,035313,035312,Disponible,estado,6a6b24cf6db5eb54e9833277,0
RUST JON,20333627354,,,2026-07-24T00:00:00.000Z,2026-07-29T00:00:00.000Z,Microfonista,035348,035346,Disponible,estado,6a84956e15ceabf99964db39,0
CARNOTA CAMILA,27428092894,,,2026-07-28T00:00:00.000Z,2026-07-28T00:00:00.000Z,Asistente de cámara especializado / Grip,035340,035358,Disponible,estado,6a84954115ceabf999649044,0
DODERO BERANGER IÑAKI,20384264604,,,2026-08-22T00:00:00.000Z,2026-08-25T00:00:00.000Z,Ambientador General,035312,035324,Disponible,estado,6a4c058b80db2623ba4dc800,3
PALOMINO MATEO ESTHEFANY OMAYRA,27942317722,2030 S.R.L.,30717068374,2021-12-15T00:00:00.000Z,,Auxiliar Administrativo,035341,035339,Disponible,estado,696423275dd723128ad69e74,0
PRESTES HERNAN EZEQUIEL,20364730730,2030 S.R.L.,30717068374,2023-06-01T00:00:00.000Z,,Asistente de cámara especializado / Grip,035340,035358,Disponible,estado,6964219c5dd723128ad69d39,0
LAMPUGNANI RICARDO JOSE,20163958393,2030 S.R.L.,30717068374,2023-06-01T00:00:00.000Z,,Asistente de cámara especializado / Grip,035340,035358,Disponible,estado,6964219a5dd723128ad69d37,0
AQUINO EDUARDO CRISTIAN MARCELO,20252841572,2030 S.R.L.,30717068374,2023-06-01T00:00:00.000Z,,Asistente de Iluminación,035313,035312,Disponible,estado,696421995dd723128ad69d36,1
AGUINAGA AGUSTINA MARIA,27313898542,2030 S.R.L.,30717068374,2023-06-01T00:00:00.000Z,,Modista Realizadora,035349,035347,Disponible,estado,696422b15dd723128ad69e20,1
SANTORO ANDREA CECILIA,23268737634,2030 S.R.L.,30717068374,2023-06-01T00:00:00.000Z,,Modista Realizadora,035349,035347,Disponible,estado,696422b25dd723128ad69e21,0
MERONI MARIA MANUELA,27367777252,2030 S.R.L.,30717068374,2023-06-01T00:00:00.000Z,,Modista Realizadora,035349,035347,Disponible,estado,696423f55dd723128ad69f26,0
BASSANELLI LUCAS ALEJANDRO,20400229695,2030 S.R.L.,30717068374,2023-06-01T00:00:00.000Z,,Microfonista,035348,035346,Disponible,estado,6964247a5dd723128ad69f50,0
VALVERDE PABLO MARTIN,20221141432,2030 S.R.L.,30717068374,2023-06-01T00:00:00.000Z,,Peinador,035352,035350,Disponible,estado,696423f85dd723128ad69f28,0
JALUF GUIDO,23377027779,2030 S.R.L.,30717068374,2023-06-01T00:00:00.000Z,,Continuista,035314,035323,Disponible,estado,6964243a5dd723128ad69f3c,0
ZAMORANO JAVIER NICOLAS,20370398365,2030 S.R.L.,30717068374,2023-09-01T00:00:00.000Z,,Auxiliar de Estudios,035342,035340,Disponible,estado,6964229c5dd723128ad69e1a,0
PALOMO ROBERTO HORACIO,20378703388,2030 S.R.L.,30717068374,2023-09-01T00:00:00.000Z,,Auxiliar de Estudios,035342,035340,Disponible,estado,6964247a5dd723128ad69f51,0
CHAVES GERALDINE ROMINA,27231245591,2030 S.R.L.,30717068374,2024-09-30T00:00:00.000Z,2024-10-06T00:00:00.000Z,Peinador,035352,035350,Disponible,estado,696422c65dd723128ad69e2d,0
TEMPORA JOEL ALEXIS,20379960023,2030 S.R.L.,30717068374,2024-10-01T00:00:00.000Z,2024-12-31T00:00:00.000Z,Asistente de cámara especializado / Grip,035340,035358,Disponible,estado,696421ae5dd723128ad69d45,0
ZARATE MARCOS EZEQUIEL,20281644565,2030 S.R.L.,30717068374,2024-10-01T00:00:00.000Z,2024-10-13T00:00:00.000Z,Peinador,035352,035350,Disponible,estado,6964220d5dd723128ad69db5,1
IPPOLITO FRANCO JAVIER,20400969540,2030 S.R.L.,30717068374,2024-10-01T00:00:00.000Z,2024-10-01T00:00:00.000Z,Microfonista,035348,035346,Disponible,estado,696422415dd723128ad69df6,0
MARMOL OCTAVIO,20436261501,2030 S.R.L.,30717068374,2024-10-01T00:00:00.000Z,2024-10-31T00:00:00.000Z,Auxiliar de Estudios,035342,035340,Disponible,estado,696422475dd723128ad69dfe,0
HENRIQUEZ ALISTE CARLOS ANDRES,20924062976,2030 S.R.L.,30717068374,2024-10-01T00:00:00.000Z,2024-12-31T00:00:00.000Z,Asistente de Iluminación,035313,035312,Disponible,estado,696422645dd723128ad69e0c,0
RIOS OSVALDO DAVID,20377682328,2030 S.R.L.,30717068374,2024-10-01T00:00:00.000Z,2024-12-31T00:00:00.000Z,Peinador,035352,035350,Disponible,estado,696423825dd723128ad69ebf,0
FETELLAN MAXIMILIANO  ANGEL,20427272134,2030 S.R.L.,30717068374,2024-10-01T00:00:00.000Z,2024-10-31T00:00:00.000Z,Asistente de cámara especializado / Grip,035340,035358,Disponible,estado,696424c05dd723128ad69f6b,5
SOTO CINTHIA BELEN,27390593800,2030 S.R.L.,30717068374,2024-10-01T00:00:00.000Z,2024-12-31T00:00:00.000Z,Modista Realizadora,035349,035347,Disponible,estado,696424e85dd723128ad69f7b,0
CARNEIRO LEANDRO MATIAS,20370406678,2030 S.R.L.,30717068374,2024-10-01T00:00:00.000Z,2024-12-31T00:00:00.000Z,Microfonista,035348,035346,Disponible,estado,6964243f5dd723128ad69f3e,0
AQUINO MAURICIO MARTIN,23463513929,2030 S.R.L.,30717068374,2024-10-01T00:00:00.000Z,2024-12-31T00:00:00.000Z,Asistente de Iluminación,035313,035312,Disponible,estado,696423bd5dd723128ad69ef8,0
Paccoret Guido Juan Carlos,20343959010,2030 S.R.L.,30717068374,2024-10-01T00:00:00.000Z,2024-10-03T00:00:00.000Z,Asistente de cámara especializado / Grip,035340,035358,Disponible,estado,696423c05dd723128ad69efc,0
LOPEZ SILVINA ELISA,27224860140,2030 S.R.L.,30717068374,2024-10-01T00:00:00.000Z,2024-12-31T00:00:00.000Z,Peinador,035352,035350,Disponible,estado,696423c35dd723128ad69eff,0
MONTENEGRO PABLO JAVIER,20301160926,2030 S.R.L.,30717068374,2024-10-01T00:00:00.000Z,2024-12-31T00:00:00.000Z,Microfonista,035348,035346,Disponible,estado,696424925dd723128ad69f5f,0
VIGO PATRICIO FAVIO,20455805407,2030 S.R.L.,30717068374,2024-10-01T00:00:00.000Z,2024-10-31T00:00:00.000Z,Asistente de cámara especializado / Grip,035340,035358,Disponible,estado,696424bc5dd723128ad69f69,0
FERRAROTTI CANDELA AGOSTINA,27382560766,2030 S.R.L.,30717068374,2024-10-01T00:00:00.000Z,2024-12-31T00:00:00.000Z,Modista Realizadora,035349,035347,Disponible,estado,696424d65dd723128ad69f73,0
SOSTEGNO LUIS,20289103431,2030 S.R.L.,30717068374,2024-10-01T00:00:00.000Z,2024-12-31T00:00:00.000Z,Asistente de cámara especializado / Grip,035340,035358,Disponible,estado,696424d95dd723128ad69f75,0
ZOMPICCHIATTI THIAGO,20448705464,2030 S.R.L.,30717068374,2024-10-01T00:00:00.000Z,2024-12-31T00:00:00.000Z,Auxiliar de Estudios,035342,035340,Disponible,estado,696424b35dd723128ad69f65,0
CASSANO BATTAGLIA LUCIANO EZEQUIEL,20426547121,2030 S.R.L.,30717068374,2024-10-01T00:00:00.000Z,2024-10-31T00:00:00.000Z,Asistente de cámara especializado / Grip,035340,035358,Disponible,estado,696423c75dd723128ad69f02,0
HERNANDEZ DUNN FACUNDO ARIEL,20434475342,2030 S.R.L.,30717068374,2024-10-01T00:00:00.000Z,2024-12-31T00:00:00.000Z,Auxiliar de Estudios,035342,035340,Disponible,estado,696424de5dd723128ad69f78,0
MORELLI RODOLFO DANIEL,20210727397,2030 S.R.L.,30717068374,2024-10-02T00:00:00.000Z,2024-10-02T00:00:00.000Z,Peinador,035352,035350,Disponible,estado,696425095dd723128ad69f94,0
GODOY CHRISTIAN EZEQUIEL,23342229409,2030 S.R.L.,30717068374,2024-10-02T00:00:00.000Z,2024-10-02T00:00:00.000Z,Asistente de cámara especializado / Grip,035340,035358,Disponible,estado,696423bf5dd723128ad69efb,0
Paccoret Guido Juan Carlos,20343959010,2030 S.R.L.,30717068374,2024-10-02T00:00:00.000Z,2024-10-02T00:00:00.000Z,Asistente de cámara especializado / Grip,035340,035358,Disponible,estado,696423c05dd723128ad69efc,1
GODOY CHRISTIAN EZEQUIEL,23342229409,2030 S.R.L.,30717068374,2024-10-03T00:00:00.000Z,2024-10-03T00:00:00.000Z,Asistente de cámara especializado / Grip,035340,035358,Disponible,estado,696423bf5dd723128ad69efb,1
Paccoret Guido Juan Carlos,20343959010,2030 S.R.L.,30717068374,2024-10-04T00:00:00.000Z,2024-10-04T00:00:00.000Z,Asistente de cámara especializado / Grip,035340,035358,Disponible,estado,696423c05dd723128ad69efc,2
AQUINO ENZO GABRIEL,20442166987,2030 S.R.L.,30717068374,2024-10-04T00:00:00.000Z,2024-10-04T00:00:00.000Z,Asistente de Iluminación,035313,035312,Disponible,estado,696424b95dd723128ad69f68,0
CHAVEZ PAZ ABRIL,27460262572,2030 S.R.L.,30717068374,2024-10-05T00:00:00.000Z,2024-10-05T00:00:00.000Z,Auxiliar de Estudios,035342,035340,Disponible,estado,6964237e5dd723128ad69ebc,0
FUNEZ JULIO RAMON AURELIO,20216305052,2030 S.R.L.,30717068374,2024-10-05T00:00:00.000Z,2024-10-05T00:00:00.000Z,Asistente de Iluminación,035313,035312,Disponible,estado,696423d65dd723128ad69f13,0
Paccoret Guido Juan Carlos,20343959010,2030 S.R.L.,30717068374,2024-10-05T00:00:00.000Z,2024-10-05T00:00:00.000Z,Asistente de cámara especializado / Grip,035340,035358,Disponible,estado,696423c05dd723128ad69efc,3
AQUINO ENZO GABRIEL,20442166987,2030 S.R.L.,30717068374,2024-10-05T00:00:00.000Z,2024-10-05T00:00:00.000Z,Asistente de Iluminación,035313,035312,Disponible,estado,696424b95dd723128ad69f68,1
RIOFRIO PEREA PAULA,23952209124,2030 S.R.L.,30717068374,2024-10-06T00:00:00.000Z,2024-10-06T00:00:00.000Z,Peinador,035352,035350,Disponible,estado,6964222d5dd723128ad69de0,38
FUNEZ JULIO RAMON AURELIO,20216305052,2030 S.R.L.,30717068374,2024-10-06T00:00:00.000Z,2024-10-06T00:00:00.000Z,Asistente de Iluminación,035313,035312,Disponible,estado,696423d65dd723128ad69f13,1
Paccoret Guido Juan Carlos,20343959010,2030 S.R.L.,30717068374,2024-10-06T00:00:00.000Z,2024-10-06T00:00:00.000Z,Asistente de cámara especializado / Grip,035340,035358,Disponible,estado,696423c05dd723128ad69efc,4
RODRIGUEZ AGUSTIN EZEQUIEL,20420927062,2030 S.R.L.,30717068374,2024-10-06T00:00:00.000Z,2024-10-06T00:00:00.000Z,Asistente de Iluminación,035313,035312,Disponible,estado,696425055dd723128ad69f91,0
RIOFRIO PEREA PAULA,23952209124,2030 S.R.L.,30717068374,2024-10-07T00:00:00.000Z,2024-10-08T00:00:00.000Z,Peinador,035352,035350,Disponible,estado,6964222d5dd723128ad69de0,39
CHAVES GERALDINE ROMINA,27231245591,2030 S.R.L.,30717068374,2024-10-07T00:00:00.000Z,2024-10-13T00:00:00.000Z,Peinador,035352,035350,Disponible,estado,696422c65dd723128ad69e2d,1
FUNEZ JULIO RAMON AURELIO,20216305052,2030 S.R.L.,30717068374,2024-10-07T00:00:00.000Z,2024-10-07T00:00:00.000Z,Microfonista,035348,035346,Disponible,estado,696423d65dd723128ad69f13,2
AQUINO ENZO GABRIEL,20442166987,2030 S.R.L.,30717068374,2024-10-07T00:00:00.000Z,2024-10-07T00:00:00.000Z,Asistente de Iluminación,035313,035312,Disponible,estado,696424b95dd723128ad69f68,2
RODRIGUEZ AGUSTIN EZEQUIEL,20420927062,2030 S.R.L.,30717068374,2024-10-07T00:00:00.000Z,2024-10-07T00:00:00.000Z,Asistente de Iluminación,035313,035312,Disponible,estado,696425055dd723128ad69f91,1
MORELLI RODOLFO DANIEL,20210727397,2030 S.R.L.,30717068374,2024-10-08T00:00:00.000Z,2024-10-08T00:00:00.000Z,Peinador,035352,035350,Disponible,estado,696425095dd723128ad69f94,1
AAIL MAURICIO GABRIEL,20314191723,2030 S.R.L.,30717068374,2024-10-08T00:00:00.000Z,2024-10-09T00:00:00.000Z,Microfonista,035348,035346,Disponible,estado,696423d85dd723128ad69f16,28
RIOFRIO PEREA PAULA,23952209124,2030 S.R.L.,30717068374,2024-10-11T00:00:00.000Z,2024-10-11T00:00:00.000Z,Peinador,035352,035350,Disponible,estado,6964222d5dd723128ad69de0,40
CHAVEZ PAZ ABRIL,27460262572,2030 S.R.L.,30717068374,2024-10-11T00:00:00.000Z,2024-10-11T00:00:00.000Z,Auxiliar de Estudios,035342,035340,Disponible,estado,6964237e5dd723128ad69ebc,1
FUNEZ JULIO RAMON AURELIO,20216305052,2030 S.R.L.,30717068374,2024-10-11T00:00:00.000Z,2024-10-11T00:00:00.000Z,Microfonista,035348,035346,Disponible,estado,696423d65dd723128ad69f13,3
LOMBARDI LUCIA,27395842531,2030 S.R.L.,30717068374,2024-10-12T00:00:00.000Z,2024-10-12T00:00:00.000Z,Modista Realizadora,035349,035347,Disponible,estado,696424385dd723128ad69f3a,0
TAPIA FACUNDO MARTIN,20312669111,2030 S.R.L.,30717068374,2024-10-12T00:00:00.000Z,2024-10-12T00:00:00.000Z,Auxiliar de Estudios,035342,035340,Disponible,estado,696424f85dd723128ad69f89,0
FUNEZ JULIO RAMON AURELIO,20216305052,2030 S.R.L.,30717068374,2024-10-12T00:00:00.000Z,2024-10-12T00:00:00.000Z,Microfonista,035348,035346,Disponible,estado,696423d65dd723128ad69f13,4
AAIL MAURICIO GABRIEL,20314191723,2030 S.R.L.,30717068374,2024-10-12T00:00:00.000Z,2024-10-20T00:00:00.000Z,Asistente de cámara especializado / Grip,035340,035358,Disponible,estado,696423d85dd723128ad69f16,0
GODOY CHRISTIAN EZEQUIEL,23342229409,2030 S.R.L.,30717068374,2024-10-12T00:00:00.000Z,2024-10-12T00:00:00.000Z,Asistente de cámara especializado / Grip,035340,035358,Disponible,estado,696423bf5dd723128ad69efb,2
GODOY CHRISTIAN EZEQUIEL,23342229409,2030 S.R.L.,30717068374,2024-10-12T00:00:00.000Z,2024-10-12T00:00:00.000Z,Asistente de cámara especializado / Grip,035340,035358,Disponible,estado,696423bf5dd723128ad69efb,3
Paccoret Guido Juan Carlos,20343959010,2030 S.R.L.,30717068374,2024-10-12T00:00:00.000Z,2024-10-12T00:00:00.000Z,Asistente de cámara especializado / Grip,035340,035358,Disponible,estado,696423c05dd723128ad69efc,5
RIOFRIO PEREA PAULA,23952209124,2030 S.R.L.,30717068374,2024-10-13T00:00:00.000Z,2024-10-13T00:00:00.000Z,Peinador,035352,035350,Disponible,estado,6964222d5dd723128ad69de0,41
AQUINO ENZO GABRIEL,20442166987,2030 S.R.L.,30717068374,2024-10-13T00:00:00.000Z,2024-10-13T00:00:00.000Z,Asistente de Iluminación,035313,035312,Disponible,estado,696424b95dd723128ad69f68,3
ZARATE MARCOS EZEQUIEL,20281644565,2030 S.R.L.,30717068374,2024-10-14T00:00:00.000Z,2024-10-20T00:00:00.000Z,Peinador,035352,035350,Disponible,estado,6964220d5dd723128ad69db5,2
CHAVES GERALDINE ROMINA,27231245591,2030 S.R.L.,30717068374,2024-10-14T00:00:00.000Z,2024-10-15T00:00:00.000Z,Peinador,035352,035350,Disponible,estado,696422c65dd723128ad69e2d,2
Paccoret Guido Juan Carlos,20343959010,2030 S.R.L.,30717068374,2024-10-14T00:00:00.000Z,2024-10-18T00:00:00.000Z,Asistente de cámara especializado / Grip,035340,035358,Disponible,estado,696423c05dd723128ad69efc,6
AQUINO ENZO GABRIEL,20442166987,2030 S.R.L.,30717068374,2024-10-14T00:00:00.000Z,2024-10-14T00:00:00.000Z,Asistente de Iluminación,035313,035312,Disponible,estado,696424b95dd723128ad69f68,4
RODRIGUEZ AGUSTIN EZEQUIEL,20420927062,2030 S.R.L.,30717068374,2024-10-14T00:00:00.000Z,2024-10-14T00:00:00.000Z,Asistente de Iluminación,035313,035312,Disponible,estado,696425055dd723128ad69f91,2
PAFUNDO AGUSTIN NEHUEN,20428740603,2030 S.R.L.,30717068374,2024-10-16T00:00:00.000Z,2024-10-16T00:00:00.000Z,Asistente de cámara especializado / Grip,035340,035358,Disponible,estado,696421b05dd723128ad69d47,0
GOMEZ GUILLERMO ROLANDO,20253893509,2030 S.R.L.,30717068374,2024-10-16T00:00:00.000Z,2024-10-16T00:00:00.000Z,Asistente de cámara especializado / Grip,035340,035358,Disponible,estado,696422d95dd723128ad69e37,0
RODINI SILVINA MAGALI,27367864163,2030 S.R.L.,30717068374,2024-10-16T00:00:00.000Z,2024-10-16T00:00:00.000Z,Peinador,035352,035350,Disponible,estado,696422e55dd723128ad69e3d,3
PAFUNDO AGUSTIN NEHUEN,20428740603,2030 S.R.L.,30717068374,2024-10-18T00:00:00.000Z,2024-10-18T00:00:00.000Z,Asistente de cámara especializado / Grip,035340,035358,Disponible,estado,696421b05dd723128ad69d47,1
DAVALOS KAREN ELIZABETH,27391083202,2030 S.R.L.,30717068374,2024-10-18T00:00:00.000Z,2024-10-18T00:00:00.000Z,Asistente de cámara especializado / Grip,035340,035358,Disponible,estado,696422c75dd723128ad69e2e,0
MORELLI RODOLFO DANIEL,20210727397,2030 S.R.L.,30717068374,2024-10-18T00:00:00.000Z,2024-10-18T00:00:00.000Z,Peinador,035352,035350,Disponible,estado,696425095dd723128ad69f94,2
MORELLI RODOLFO DANIEL,20210727397,2030 S.R.L.,30717068374,2024-10-18T00:00:00.000Z,2024-10-18T00:00:00.000Z,Peinador,035352,035350,Disponible,estado,696425095dd723128ad69f94,3
GODOY CHRISTIAN EZEQUIEL,23342229409,2030 S.R.L.,30717068374,2024-10-18T00:00:00.000Z,2024-10-18T00:00:00.000Z,Asistente de cámara especializado / Grip,035340,035358,Disponible,estado,696423bf5dd723128ad69efb,4
Paccoret Guido Juan Carlos,20343959010,2030 S.R.L.,30717068374,2024-10-18T00:00:00.000Z,2024-10-19T00:00:00.000Z,Asistente de cámara especializado / Grip,035340,035358,Disponible,estado,696423c05dd723128ad69efc,7
PAFUNDO AGUSTIN NEHUEN,20428740603,2030 S.R.L.,30717068374,2024-10-19T00:00:00.000Z,2024-10-19T00:00:00.000Z,Asistente de cámara especializado / Grip,035340,035358,Disponible,estado,696421b05dd723128ad69d47,2
MORELLI RODOLFO DANIEL,20210727397,2030 S.R.L.,30717068374,2024-10-19T00:00:00.000Z,2024-10-19T00:00:00.000Z,Peinador,035352,035350,Disponible,estado,696425095dd723128ad69f94,4
TAPIA FACUNDO MARTIN,20312669111,2030 S.R.L.,30717068374,2024-10-19T00:00:00.000Z,2024-10-19T00:00:00.000Z,Auxiliar de Estudios,035342,035340,Disponible,estado,696424f85dd723128ad69f89,1
FUNEZ JULIO RAMON AURELIO,20216305052,2030 S.R.L.,30717068374,2024-10-19T00:00:00.000Z,2024-10-19T00:00:00.000Z,Microfonista,035348,035346,Disponible,estado,696423d65dd723128ad69f13,5
Paccoret Guido Juan Carlos,20343959010,2030 S.R.L.,30717068374,2024-10-19T00:00:00.000Z,2024-10-19T00:00:00.000Z,Asistente de cámara especializado / Grip,035340,035358,Disponible,estado,696423c05dd723128ad69efc,8
MORALES MARIANO CAMILO,20281212185,2030 S.R.L.,30717068374,2024-10-20T00:00:00.000Z,2024-10-20T00:00:00.000Z,Asistente de cámara especializado / Grip,035340,035358,Disponible,estado,696422c95dd723128ad69e31,0
MORELLI RODOLFO DANIEL,20210727397,2030 S.R.L.,30717068374,2024-10-20T00:00:00.000Z,2024-10-20T00:00:00.000Z,Peinador,035352,035350,Disponible,estado,696425095dd723128ad69f94,5
Paccoret Guido Juan Carlos,20343959010,2030 S.R.L.,30717068374,2024-10-20T00:00:00.000Z,2024-10-20T00:00:00.000Z,Asistente de cámara especializado / Grip,035340,035358,Disponible,estado,696423c05dd723128ad69efc,9
CAMPOS DANIEL ESTEBAN,20319822071,2030 S.R.L.,30717068374,2024-10-20T00:00:00.000Z,2024-10-20T00:00:00.000Z,Asistente de cámara especializado / Grip,035340,035358,Disponible,estado,696424ed5dd723128ad69f7e,0
MORELLI RODOLFO DANIEL,20210727397,2030 S.R.L.,30717068374,2024-10-21T00:00:00.000Z,2024-10-22T00:00:00.000Z,Peinador,035352,035350,Disponible,estado,696425095dd723128ad69f94,6
MORELLI RODOLFO DANIEL,20210727397,2030 S.R.L.,30717068374,2024-10-21T00:00:00.000Z,2024-10-27T00:00:00.000Z,Peinador,035352,035350,Disponible,estado,696425095dd723128ad69f94,7
AQUINO ENZO GABRIEL,20442166987,2030 S.R.L.,30717068374,2024-10-21T00:00:00.000Z,2024-10-21T00:00:00.000Z,Asistente de Iluminación,035313,035312,Disponible,estado,696424b95dd723128ad69f68,5
RODRIGUEZ AGUSTIN EZEQUIEL,20420927062,2030 S.R.L.,30717068374,2024-10-21T00:00:00.000Z,2024-10-21T00:00:00.000Z,Asistente de Iluminación,035313,035312,Disponible,estado,696425055dd723128ad69f91,3
Paccoret Guido Juan Carlos,20343959010,2030 S.R.L.,30717068374,2024-10-22T00:00:00.000Z,2024-10-23T00:00:00.000Z,Asistente de cámara especializado / Grip,035340,035358,Disponible,estado,696423c05dd723128ad69efc,10
IPPOLITO FRANCO JAVIER,20400969540,2030 S.R.L.,30717068374,2024-10-26T00:00:00.000Z,2024-10-26T00:00:00.000Z,Microfonista,035348,035346,Disponible,estado,696422415dd723128ad69df6,1
TAPIA FACUNDO MARTIN,20312669111,2030 S.R.L.,30717068374,2024-10-26T00:00:00.000Z,2024-10-26T00:00:00.000Z,Auxiliar de Estudios,035342,035340,Disponible,estado,696424f85dd723128ad69f89,2
AAIL MAURICIO GABRIEL,20314191723,2030 S.R.L.,30717068374,2024-10-26T00:00:00.000Z,2024-10-26T00:00:00.000Z,Asistente de cámara especializado / Grip,035340,035358,Disponible,estado,696423d85dd723128ad69f16,1
PAFUNDO AGUSTIN NEHUEN,20428740603,2030 S.R.L.,30717068374,2024-10-27T00:00:00.000Z,2024-10-27T00:00:00.000Z,Asistente de cámara especializado / Grip,035340,035358,Disponible,estado,696421b05dd723128ad69d47,3
RODINI SILVINA MAGALI,27367864163,2030 S.R.L.,30717068374,2024-10-27T00:00:00.000Z,2024-10-27T00:00:00.000Z,Peinador,035352,035350,Disponible,estado,696422e55dd723128ad69e3d,4
Paccoret Guido Juan Carlos,20343959010,2030 S.R.L.,30717068374,2024-10-27T00:00:00.000Z,2024-10-27T00:00:00.000Z,Asistente de cámara especializado / Grip,035340,035358,Disponible,estado,696423c05dd723128ad69efc,11
RODRIGUEZ AGUSTIN EZEQUIEL,20420927062,2030 S.R.L.,30717068374,2024-10-27T00:00:00.000Z,2024-10-27T00:00:00.000Z,Asistente de Iluminación,035313,035312,Disponible,estado,696425055dd723128ad69f91,4
RIOFRIO PEREA PAULA,23952209124,2030 S.R.L.,30717068374,2024-10-28T00:00:00.000Z,2024-10-28T00:00:00.000Z,Peinador,035352,035350,Disponible,estado,6964222d5dd723128ad69de0,42
FUNEZ JULIO RAMON AURELIO,20216305052,2030 S.R.L.,30717068374,2024-10-28T00:00:00.000Z,2024-10-28T00:00:00.000Z,Microfonista,035348,035346,Disponible,estado,696423d65dd723128ad69f13,6
AQUINO ENZO GABRIEL,20442166987,2030 S.R.L.,30717068374,2024-10-28T00:00:00.000Z,2024-10-28T00:00:00.000Z,Asistente de Iluminación,035313,035312,Disponible,estado,696424b95dd723128ad69f68,6
RODRIGUEZ AGUSTIN EZEQUIEL,20420927062,2030 S.R.L.,30717068374,2024-10-28T00:00:00.000Z,2024-10-28T00:00:00.000Z,Asistente de Iluminación,035313,035312,Disponible,estado,696425055dd723128ad69f91,5
FORCINITI ANALIA VERONICA,27237722235,2030 S.R.L.,30717068374,2024-10-29T00:00:00.000Z,2024-11-01T00:00:00.000Z,Peinador,035352,035350,Disponible,estado,696422e45dd723128ad69e3c,4
BARRERA EDUARDO FEDERICO,20379055290,2030 S.R.L.,30717068374,2024-10-29T00:00:00.000Z,2024-10-29T00:00:00.000Z,Auxiliar de Estudios,035342,035340,Disponible,estado,696424be5dd723128ad69f6a,0
Paccoret Guido Juan Carlos,20343959010,2030 S.R.L.,30717068374,2024-10-30T00:00:00.000Z,2024-10-30T00:00:00.000Z,Asistente de cámara especializado / Grip,035340,035358,Disponible,estado,696423c05dd723128ad69efc,12
RODRIGUEZ AGUSTIN EZEQUIEL,20420927062,2030 S.R.L.,30717068374,2024-10-30T00:00:00.000Z,2024-11-01T00:00:00.000Z,Asistente de Iluminación,035313,035312,Disponible,estado,696425055dd723128ad69f91,6
RODRIGUEZ AGUSTIN EZEQUIEL,20420927062,2030 S.R.L.,30717068374,2024-10-31T00:00:00.000Z,2024-10-31T00:00:00.000Z,Asistente de Iluminación,035313,035312,Disponible,estado,696425055dd723128ad69f91,7
PAFUNDO AGUSTIN NEHUEN,20428740603,2030 S.R.L.,30717068374,2024-11-01T00:00:00.000Z,2024-11-03T00:00:00.000Z,Asistente de cámara especializado / Grip,035340,035358,Disponible,estado,696421b05dd723128ad69d47,4
MARMOL OCTAVIO,20436261501,2030 S.R.L.,30717068374,2024-11-01T00:00:00.000Z,2024-11-30T00:00:00.000Z,Auxiliar de Estudios,035342,035340,Disponible,estado,696422475dd723128ad69dfe,1
VILLANUEVA KARINA ELIZABETH,27235546901,2030 S.R.L.,30717068374,2024-11-01T00:00:00.000Z,2024-11-01T00:00:00.000Z,Peinador,035352,035350,Disponible,estado,696423c85dd723128ad69f03,0
FUNEZ JULIO RAMON AURELIO,20216305052,2030 S.R.L.,30717068374,2024-11-01T00:00:00.000Z,2024-11-01T00:00:00.000Z,Microfonista,035348,035346,Disponible,estado,696423d65dd723128ad69f13,7
Paccoret Guido Juan Carlos,20343959010,2030 S.R.L.,30717068374,2024-11-01T00:00:00.000Z,2024-11-30T00:00:00.000Z,Asistente de cámara especializado / Grip,035340,035358,Disponible,estado,696423c05dd723128ad69efc,13
IPPOLITO FRANCO JAVIER,20400969540,2030 S.R.L.,30717068374,2024-11-02T00:00:00.000Z,2024-11-02T00:00:00.000Z,Microfonista,035348,035346,Disponible,estado,696422415dd723128ad69df6,2
REYES CHRISTIAN ARIEL,20238347670,2030 S.R.L.,30717068374,2024-11-02T00:00:00.000Z,2024-11-02T00:00:00.000Z,Auxiliar de Estudios,035342,035340,Disponible,estado,6964227f5dd723128ad69e14,1
RODINI SILVINA MAGALI,27367864163,2030 S.R.L.,30717068374,2024-11-02T00:00:00.000Z,2024-11-02T00:00:00.000Z,Peinador,035352,035350,Disponible,estado,696422e55dd723128ad69e3d,5
CHAVEZ PAZ ABRIL,27460262572,2030 S.R.L.,30717068374,2024-11-02T00:00:00.000Z,2024-11-02T00:00:00.000Z,Auxiliar de Estudios,035342,035340,Disponible,estado,6964237e5dd723128ad69ebc,2
CHAHIM MARIA FERNANDA,27326544588,2030 S.R.L.,30717068374,2024-11-02T00:00:00.000Z,2024-11-02T00:00:00.000Z,Modista Realizadora,035349,035347,Disponible,estado,696424cb5dd723128ad69f6d,0
AAIL MAURICIO GABRIEL,20314191723,2030 S.R.L.,30717068374,2024-11-02T00:00:00.000Z,2024-11-02T00:00:00.000Z,Asistente de cámara especializado / Grip,035340,035358,Disponible,estado,696423d85dd723128ad69f16,2
RODINI SILVINA MAGALI,27367864163,2030 S.R.L.,30717068374,2024-11-03T00:00:00.000Z,2024-11-03T00:00:00.000Z,Peinador,035352,035350,Disponible,estado,696422e55dd723128ad69e3d,6
RODRIGUEZ AGUSTIN EZEQUIEL,20420927062,2030 S.R.L.,30717068374,2024-11-03T00:00:00.000Z,2024-11-03T00:00:00.000Z,Asistente de Iluminación,035313,035312,Disponible,estado,696425055dd723128ad69f91,8
RODINI SILVINA MAGALI,27367864163,2030 S.R.L.,30717068374,2024-11-04T00:00:00.000Z,2024-11-04T00:00:00.000Z,Peinador,035352,035350,Disponible,estado,696422e55dd723128ad69e3d,7
VILLANUEVA KARINA ELIZABETH,27235546901,2030 S.R.L.,30717068374,2024-11-04T00:00:00.000Z,2024-11-04T00:00:00.000Z,Peinador,035352,035350,Disponible,estado,696423c85dd723128ad69f03,1
AQUINO ENZO GABRIEL,20442166987,2030 S.R.L.,30717068374,2024-11-04T00:00:00.000Z,2024-11-04T00:00:00.000Z,Asistente de Iluminación,035313,035312,Disponible,estado,696424b95dd723128ad69f68,7
RODRIGUEZ AGUSTIN EZEQUIEL,20420927062,2030 S.R.L.,30717068374,2024-11-04T00:00:00.000Z,2024-11-04T00:00:00.000Z,Asistente de Iluminación,035313,035312,Disponible,estado,696425055dd723128ad69f91,9
PAFUNDO AGUSTIN NEHUEN,20428740603,2030 S.R.L.,30717068374,2024-11-05T00:00:00.000Z,2024-11-05T00:00:00.000Z,Asistente de cámara especializado / Grip,035340,035358,Disponible,estado,696421b05dd723128ad69d47,5
RODINI SILVINA MAGALI,27367864163,2030 S.R.L.,30717068374,2024-11-05T00:00:00.000Z,2024-11-08T00:00:00.000Z,Peinador,035352,035350,Disponible,estado,696422e55dd723128ad69e3d,8
VILLANUEVA KARINA ELIZABETH,27235546901,2030 S.R.L.,30717068374,2024-11-05T00:00:00.000Z,2024-11-08T00:00:00.000Z,Peinador,035352,035350,Disponible,estado,696423c85dd723128ad69f03,2
FUNEZ JULIO RAMON AURELIO,20216305052,2030 S.R.L.,30717068374,2024-11-07T00:00:00.000Z,2024-11-07T00:00:00.000Z,Microfonista,035348,035346,Disponible,estado,696423d65dd723128ad69f13,8
AQUINO ENZO GABRIEL,20442166987,2030 S.R.L.,30717068374,2024-11-08T00:00:00.000Z,2024-11-08T00:00:00.000Z,Asistente de Iluminación,035313,035312,Disponible,estado,696424b95dd723128ad69f68,8
RIOFRIO PEREA PAULA,23952209124,2030 S.R.L.,30717068374,2024-11-09T00:00:00.000Z,2024-11-09T00:00:00.000Z,Peinador,035352,035350,Disponible,estado,6964222d5dd723128ad69de0,43
IPPOLITO FRANCO JAVIER,20400969540,2030 S.R.L.,30717068374,2024-11-09T00:00:00.000Z,2024-11-09T00:00:00.000Z,Microfonista,035348,035346,Disponible,estado,696422415dd723128ad69df6,3
REYES CHRISTIAN ARIEL,20238347670,2030 S.R.L.,30717068374,2024-11-09T00:00:00.000Z,2024-11-09T00:00:00.000Z,Auxiliar de Estudios,035342,035340,Disponible,estado,6964227f5dd723128ad69e14,2
CHAVEZ PAZ ABRIL,27460262572,2030 S.R.L.,30717068374,2024-11-09T00:00:00.000Z,2024-11-09T00:00:00.000Z,Auxiliar de Estudios,035342,035340,Disponible,estado,6964237e5dd723128ad69ebc,3
AAIL MAURICIO GABRIEL,20314191723,2030 S.R.L.,30717068374,2024-11-09T00:00:00.000Z,2024-11-09T00:00:00.000Z,Auxiliar de Estudios,035342,035340,Disponible,estado,696423d85dd723128ad69f16,19
CASSANO BATTAGLIA LUCIANO EZEQUIEL,20426547121,2030 S.R.L.,30717068374,2024-11-09T00:00:00.000Z,2024-11-09T00:00:00.000Z,Asistente de cámara especializado / Grip,035340,035358,Disponible,estado,696423c75dd723128ad69f02,1
RIOFRIO PEREA PAULA,23952209124,2030 S.R.L.,30717068374,2024-11-10T00:00:00.000Z,2024-11-10T00:00:00.000Z,Peinador,035352,035350,Disponible,estado,6964222d5dd723128ad69de0,44
CHAVEZ PAZ ABRIL,27460262572,2030 S.R.L.,30717068374,2024-11-10T00:00:00.000Z,2024-11-10T00:00:00.000Z,Auxiliar de Estudios,035342,035340,Disponible,estado,6964237e5dd723128ad69ebc,4
RODRIGUEZ AGUSTIN EZEQUIEL,20420927062,2030 S.R.L.,30717068374,2024-11-10T00:00:00.000Z,2024-11-10T00:00:00.000Z,Asistente de Iluminación,035313,035312,Disponible,estado,696425055dd723128ad69f91,10
RODRIGUEZ AGUSTIN EZEQUIEL,20420927062,2030 S.R.L.,30717068374,2024-11-10T00:00:00.000Z,2024-11-10T00:00:00.000Z,Asistente de Iluminación,035313,035312,Disponible,estado,696425055dd723128ad69f91,11
BARROSO ANDREA PAOLA,27314642304,2030 S.R.L.,30717068374,2024-11-11T00:00:00.000Z,2024-11-11T00:00:00.000Z,Peinador,035352,035350,Disponible,estado,696422f25dd723128ad69e41,0
RIOFRIO PEREA PAULA,23952209124,2030 S.R.L.,30717068374,2024-11-12T00:00:00.000Z,2024-11-12T00:00:00.000Z,Peinador,035352,035350,Disponible,estado,6964222d5dd723128ad69de0,45
DAVALOS KAREN ELIZABETH,27391083202,2030 S.R.L.,30717068374,2024-11-12T00:00:00.000Z,2024-11-12T00:00:00.000Z,Asistente de cámara especializado / Grip,035340,035358,Disponible,estado,696422c75dd723128ad69e2e,1
IÑIGUEZ PATRICIA ANGELA,27145027719,2030 S.R.L.,30717068374,2024-11-12T00:00:00.000Z,2024-11-12T00:00:00.000Z,Peinador,035352,035350,Disponible,estado,696423325dd723128ad69e7c,0
AAIL MAURICIO GABRIEL,20314191723,2030 S.R.L.,30717068374,2024-11-12T00:00:00.000Z,2024-11-12T00:00:00.000Z,Microfonista,035348,035346,Disponible,estado,696423d85dd723128ad69f16,29
CASSANO BATTAGLIA LUCIANO EZEQUIEL,20426547121,2030 S.R.L.,30717068374,2024-11-12T00:00:00.000Z,2024-11-15T00:00:00.000Z,Asistente de cámara especializado / Grip,035340,035358,Disponible,estado,696423c75dd723128ad69f02,2
RODRIGUEZ AGUSTIN EZEQUIEL,20420927062,2030 S.R.L.,30717068374,2024-11-12T00:00:00.000Z,2024-11-14T00:00:00.000Z,Asistente de Iluminación,035313,035312,Disponible,estado,696425055dd723128ad69f91,12
RODINI SILVINA MAGALI,27367864163,2030 S.R.L.,30717068374,2024-11-13T00:00:00.000Z,2024-11-13T00:00:00.000Z,Peinador,035352,035350,Disponible,estado,696422e55dd723128ad69e3d,9
VILLANUEVA KARINA ELIZABETH,27235546901,2030 S.R.L.,30717068374,2024-11-13T00:00:00.000Z,2024-12-08T00:00:00.000Z,Peinador,035352,035350,Disponible,estado,696423c85dd723128ad69f03,3
AAIL MAURICIO GABRIEL,20314191723,2030 S.R.L.,30717068374,2024-11-13T00:00:00.000Z,2024-11-13T00:00:00.000Z,Asistente de cámara especializado / Grip,035340,035358,Disponible,estado,696423d85dd723128ad69f16,3
RODINI SILVINA MAGALI,27367864163,2030 S.R.L.,30717068374,2024-11-14T00:00:00.000Z,2024-11-30T00:00:00.000Z,Peinador,035352,035350,Disponible,estado,696422e55dd723128ad69e3d,10
RODINI SILVINA MAGALI,27367864163,2030 S.R.L.,30717068374,2024-11-14T00:00:00.000Z,2024-11-30T00:00:00.000Z,Peinador,035352,035350,Disponible,estado,696422e55dd723128ad69e3d,11
PAFUNDO AGUSTIN NEHUEN,20428740603,2030 S.R.L.,30717068374,2024-11-15T00:00:00.000Z,2024-11-18T00:00:00.000Z,Asistente de cámara especializado / Grip,035340,035358,Disponible,estado,696421b05dd723128ad69d47,6
RODRIGUEZ AGUSTIN EZEQUIEL,20420927062,2030 S.R.L.,30717068374,2024-11-15T00:00:00.000Z,2024-11-15T00:00:00.000Z,Asistente de Iluminación,035313,035312,Disponible,estado,696425055dd723128ad69f91,13
RIOFRIO PEREA PAULA,23952209124,2030 S.R.L.,30717068374,2024-11-16T00:00:00.000Z,2024-11-16T00:00:00.000Z,Peinador,035352,035350,Disponible,estado,6964222d5dd723128ad69de0,46
IPPOLITO FRANCO JAVIER,20400969540,2030 S.R.L.,30717068374,2024-11-16T00:00:00.000Z,2024-11-16T00:00:00.000Z,Microfonista,035348,035346,Disponible,estado,696422415dd723128ad69df6,4
REYES CHRISTIAN ARIEL,20238347670,2030 S.R.L.,30717068374,2024-11-16T00:00:00.000Z,2024-11-16T00:00:00.000Z,Asistente de cámara especializado / Grip,035340,035358,Disponible,estado,6964227f5dd723128ad69e14,0
CHAVEZ PAZ ABRIL,27460262572,2030 S.R.L.,30717068374,2024-11-16T00:00:00.000Z,2024-11-16T00:00:00.000Z,Auxiliar de Estudios,035342,035340,Disponible,estado,6964237e5dd723128ad69ebc,5
CASSANO BATTAGLIA LUCIANO EZEQUIEL,20426547121,2030 S.R.L.,30717068374,2024-11-16T00:00:00.000Z,2024-11-16T00:00:00.000Z,Asistente de cámara especializado / Grip,035340,035358,Disponible,estado,696423c75dd723128ad69f02,3
RIOFRIO PEREA PAULA,23952209124,2030 S.R.L.,30717068374,2024-11-17T00:00:00.000Z,2024-11-17T00:00:00.000Z,Peinador,035352,035350,Disponible,estado,6964222d5dd723128ad69de0,47
AAIL MAURICIO GABRIEL,20314191723,2030 S.R.L.,30717068374,2024-11-17T00:00:00.000Z,2024-11-18T00:00:00.000Z,Microfonista,035348,035346,Disponible,estado,696423d85dd723128ad69f16,30
RODRIGUEZ AGUSTIN EZEQUIEL,20420927062,2030 S.R.L.,30717068374,2024-11-17T00:00:00.000Z,2024-11-17T00:00:00.000Z,Asistente de Iluminación,035313,035312,Disponible,estado,696425055dd723128ad69f91,14
AQUINO ENZO GABRIEL,20442166987,2030 S.R.L.,30717068374,2024-11-18T00:00:00.000Z,2024-11-18T00:00:00.000Z,Asistente de Iluminación,035313,035312,Disponible,estado,696424b95dd723128ad69f68,9
RODRIGUEZ AGUSTIN EZEQUIEL,20420927062,2030 S.R.L.,30717068374,2024-11-18T00:00:00.000Z,2024-11-18T00:00:00.000Z,Asistente de Iluminación,035313,035312,Disponible,estado,696425055dd723128ad69f91,15
AAIL MAURICIO GABRIEL,20314191723,2030 S.R.L.,30717068374,2024-11-19T00:00:00.000Z,2024-11-19T00:00:00.000Z,Microfonista,035348,035346,Disponible,estado,696423d85dd723128ad69f16,31
AQUINO ENZO GABRIEL,20442166987,2030 S.R.L.,30717068374,2024-11-19T00:00:00.000Z,2024-11-19T00:00:00.000Z,Asistente de Iluminación,035313,035312,Disponible,estado,696424b95dd723128ad69f68,10
AAIL MAURICIO GABRIEL,20314191723,2030 S.R.L.,30717068374,2024-11-20T00:00:00.000Z,2024-11-21T00:00:00.000Z,Utilero,035358,035356,Disponible,estado,696423d85dd723128ad69f16,34
CASSANO BATTAGLIA LUCIANO EZEQUIEL,20426547121,2030 S.R.L.,30717068374,2024-11-20T00:00:00.000Z,2024-11-20T00:00:00.000Z,Asistente de cámara especializado / Grip,035340,035358,Disponible,estado,696423c75dd723128ad69f02,4
MORINIGO RICHARD ARIEL,20444347830,2030 S.R.L.,30717068374,2024-11-20T00:00:00.000Z,2024-11-22T00:00:00.000Z,Asistente de Iluminación,035313,035312,Disponible,estado,696424ef5dd723128ad69f80,0
RIOFRIO PEREA PAULA,23952209124,2030 S.R.L.,30717068374,2024-11-22T00:00:00.000Z,2024-11-22T00:00:00.000Z,Peinador,035352,035350,Disponible,estado,6964222d5dd723128ad69de0,48
AAIL MAURICIO GABRIEL,20314191723,2030 S.R.L.,30717068374,2024-11-22T00:00:00.000Z,2024-11-22T00:00:00.000Z,Utilero,035358,035356,Disponible,estado,696423d85dd723128ad69f16,35
RIOFRIO PEREA PAULA,23952209124,2030 S.R.L.,30717068374,2024-11-23T00:00:00.000Z,2024-11-23T00:00:00.000Z,Peinador,035352,035350,Disponible,estado,6964222d5dd723128ad69de0,49
DAVALOS KAREN ELIZABETH,27391083202,2030 S.R.L.,30717068374,2024-11-23T00:00:00.000Z,2024-11-23T00:00:00.000Z,Microfonista,035348,035346,Disponible,estado,696422c75dd723128ad69e2e,2
CHAVEZ PAZ ABRIL,27460262572,2030 S.R.L.,30717068374,2024-11-23T00:00:00.000Z,2024-11-23T00:00:00.000Z,Auxiliar de Estudios,035342,035340,Disponible,estado,6964237e5dd723128ad69ebc,6
CASSANO BATTAGLIA LUCIANO EZEQUIEL,20426547121,2030 S.R.L.,30717068374,2024-11-23T00:00:00.000Z,2024-11-23T00:00:00.000Z,Asistente de cámara especializado / Grip,035340,035358,Disponible,estado,696423c75dd723128ad69f02,5
MORINIGO RICHARD ARIEL,20444347830,2030 S.R.L.,30717068374,2024-11-23T00:00:00.000Z,2024-11-23T00:00:00.000Z,Asistente de Iluminación,035313,035312,Disponible,estado,696424ef5dd723128ad69f80,1
RIOFRIO PEREA PAULA,23952209124,2030 S.R.L.,30717068374,2024-11-24T00:00:00.000Z,2024-11-24T00:00:00.000Z,Peinador,035352,035350,Disponible,estado,6964222d5dd723128ad69de0,50
FUNEZ JULIO RAMON AURELIO,20216305052,2030 S.R.L.,30717068374,2024-11-24T00:00:00.000Z,2024-11-24T00:00:00.000Z,Microfonista,035348,035346,Disponible,estado,696423d65dd723128ad69f13,9
AQUINO ENZO GABRIEL,20442166987,2030 S.R.L.,30717068374,2024-11-25T00:00:00.000Z,2024-11-25T00:00:00.000Z,Asistente de Iluminación,035313,035312,Disponible,estado,696424b95dd723128ad69f68,11
RODRIGUEZ AGUSTIN EZEQUIEL,20420927062,2030 S.R.L.,30717068374,2024-11-25T00:00:00.000Z,2024-11-25T00:00:00.000Z,Asistente de Iluminación,035313,035312,Disponible,estado,696425055dd723128ad69f91,16
PAFUNDO AGUSTIN NEHUEN,20428740603,2030 S.R.L.,30717068374,2024-11-26T00:00:00.000Z,2024-11-27T00:00:00.000Z,Asistente de cámara especializado / Grip,035340,035358,Disponible,estado,696421b05dd723128ad69d47,7
MORINIGO RICHARD ARIEL,20444347830,2030 S.R.L.,30717068374,2024-11-27T00:00:00.000Z,2024-11-28T00:00:00.000Z,Asistente de Iluminación,035313,035312,Disponible,estado,696424ef5dd723128ad69f80,2
ECHEGUREN JOAQUIN,20421930792,2030 S.R.L.,30717068374,2024-11-28T00:00:00.000Z,2024-11-29T00:00:00.000Z,Asistente de cámara especializado / Grip,035340,035358,Disponible,estado,696424225dd723128ad69f33,0
RIOFRIO PEREA PAULA,23952209124,2030 S.R.L.,30717068374,2024-11-30T00:00:00.000Z,2024-11-30T00:00:00.000Z,Peinador,035352,035350,Disponible,estado,6964222d5dd723128ad69de0,51
DAVALOS KAREN ELIZABETH,27391083202,2030 S.R.L.,30717068374,2024-11-30T00:00:00.000Z,2024-11-30T00:00:00.000Z,Microfonista,035348,035346,Disponible,estado,696422c75dd723128ad69e2e,3
BARRERA EDUARDO FEDERICO,20379055290,2030 S.R.L.,30717068374,2024-11-30T00:00:00.000Z,2024-11-30T00:00:00.000Z,Auxiliar de Estudios,035342,035340,Disponible,estado,696424be5dd723128ad69f6a,1
AAIL MAURICIO GABRIEL,20314191723,2030 S.R.L.,30717068374,2024-11-30T00:00:00.000Z,2024-11-30T00:00:00.000Z,Auxiliar de Estudios,035342,035340,Disponible,estado,696423d85dd723128ad69f16,20
CASSANO BATTAGLIA LUCIANO EZEQUIEL,20426547121,2030 S.R.L.,30717068374,2024-11-30T00:00:00.000Z,2024-11-30T00:00:00.000Z,Asistente de cámara especializado / Grip,035340,035358,Disponible,estado,696423c75dd723128ad69f02,6
MARMOL OCTAVIO,20436261501,2030 S.R.L.,30717068374,2024-12-01T00:00:00.000Z,2024-12-31T00:00:00.000Z,Auxiliar de Estudios,035342,035340,Disponible,estado,696422475dd723128ad69dfe,2
RAFFA VICTORIA,20238045518,2030 S.R.L.,30717068374,2024-12-01T00:00:00.000Z,2024-12-01T00:00:00.000Z,Peinador,035352,035350,Disponible,estado,696422e75dd723128ad69e3e,10
Paccoret Guido Juan Carlos,20343959010,2030 S.R.L.,30717068374,2024-12-01T00:00:00.000Z,2024-12-31T00:00:00.000Z,Asistente de cámara especializado / Grip,035340,035358,Disponible,estado,696423c05dd723128ad69efc,14
MORINIGO RICHARD ARIEL,20444347830,2030 S.R.L.,30717068374,2024-12-01T00:00:00.000Z,2024-12-01T00:00:00.000Z,Asistente de Iluminación,035313,035312,Disponible,estado,696424ef5dd723128ad69f80,3
RODRIGUEZ AGUSTIN EZEQUIEL,20420927062,2030 S.R.L.,30717068374,2024-12-01T00:00:00.000Z,2024-12-01T00:00:00.000Z,Asistente de Iluminación,035313,035312,Disponible,estado,696425055dd723128ad69f91,17
BRACAMONTE VACAFLORES GHOVANA,27929645036,2030 S.R.L.,30717068374,2024-12-02T00:00:00.000Z,2024-12-02T00:00:00.000Z,Peinador,035352,035350,Disponible,estado,6964228c5dd723128ad69e16,15
PARRELLA MILENA LAURA,27295421296,2030 S.R.L.,30717068374,2024-12-02T00:00:00.000Z,2024-12-31T00:00:00.000Z,Operador Realizador Cinematográfico,035289,035288,Disponible,estado,696423015dd723128ad69e4e,0
CHAHIM MARIA FERNANDA,27326544588,2030 S.R.L.,30717068374,2024-12-02T00:00:00.000Z,2024-12-02T00:00:00.000Z,Modista Realizadora,035349,035347,Disponible,estado,696424cb5dd723128ad69f6d,1
AQUINO ENZO GABRIEL,20442166987,2030 S.R.L.,30717068374,2024-12-02T00:00:00.000Z,2024-12-02T00:00:00.000Z,Asistente de Iluminación,035313,035312,Disponible,estado,696424b95dd723128ad69f68,12
RODRIGUEZ AGUSTIN EZEQUIEL,20420927062,2030 S.R.L.,30717068374,2024-12-02T00:00:00.000Z,2024-12-02T00:00:00.000Z,Asistente de Iluminación,035313,035312,Disponible,estado,696425055dd723128ad69f91,18
RIOFRIO PEREA PAULA,23952209124,2030 S.R.L.,30717068374,2024-12-04T00:00:00.000Z,2024-12-04T00:00:00.000Z,Peinador,035352,035350,Disponible,estado,6964222d5dd723128ad69de0,52
ECHEGUREN JOAQUIN,20421930792,2030 S.R.L.,30717068374,2024-12-04T00:00:00.000Z,2024-12-04T00:00:00.000Z,Asistente de cámara especializado / Grip,035340,035358,Disponible,estado,696424225dd723128ad69f33,1
AAIL MAURICIO GABRIEL,20314191723,2030 S.R.L.,30717068374,2024-12-04T00:00:00.000Z,2024-12-05T00:00:00.000Z,Asistente de cámara especializado / Grip,035340,035358,Disponible,estado,696423d85dd723128ad69f16,4
MORINIGO RICHARD ARIEL,20444347830,2030 S.R.L.,30717068374,2024-12-05T00:00:00.000Z,2024-12-06T00:00:00.000Z,Asistente de Iluminación,035313,035312,Disponible,estado,696424ef5dd723128ad69f80,4
PAFUNDO AGUSTIN NEHUEN,20428740603,2030 S.R.L.,30717068374,2024-12-06T00:00:00.000Z,2024-12-07T00:00:00.000Z,Asistente de cámara especializado / Grip,035340,035358,Disponible,estado,696421b05dd723128ad69d47,8
DAVALOS KAREN ELIZABETH,27391083202,2030 S.R.L.,30717068374,2024-12-07T00:00:00.000Z,2024-12-07T00:00:00.000Z,Microfonista,035348,035346,Disponible,estado,696422c75dd723128ad69e2e,4
BRUKALO MARIA FLORENCIA,27318594266,2030 S.R.L.,30717068374,2024-12-07T00:00:00.000Z,2024-12-07T00:00:00.000Z,Operador Realizador Cinematográfico,035289,035288,Disponible,estado,696424705dd723128ad69f4f,0
ECHEGUREN JOAQUIN,20421930792,2030 S.R.L.,30717068374,2024-12-07T00:00:00.000Z,2024-12-07T00:00:00.000Z,Asistente de cámara especializado / Grip,035340,035358,Disponible,estado,696424225dd723128ad69f33,2
MAI MARIA SOLEDAD,27341143271,2030 S.R.L.,30717068374,2024-12-07T00:00:00.000Z,2024-12-07T00:00:00.000Z,Operador Realizador Cinematográfico,035289,035288,Disponible,estado,6964244b5dd723128ad69f41,0
AAIL MAURICIO GABRIEL,20314191723,2030 S.R.L.,30717068374,2024-12-07T00:00:00.000Z,2024-12-07T00:00:00.000Z,Asistente de cámara especializado / Grip,035340,035358,Disponible,estado,696423d85dd723128ad69f16,5
CASSANO BATTAGLIA LUCIANO EZEQUIEL,20426547121,2030 S.R.L.,30717068374,2024-12-07T00:00:00.000Z,2024-12-07T00:00:00.000Z,Asistente de cámara especializado / Grip,035340,035358,Disponible,estado,696423c75dd723128ad69f02,7
RIOFRIO PEREA PAULA,23952209124,2030 S.R.L.,30717068374,2024-12-08T00:00:00.000Z,2024-12-08T00:00:00.000Z,Peinador,035352,035350,Disponible,estado,6964222d5dd723128ad69de0,53
SEITOUR NICOLAS EZEQUIEL,20377521340,2030 S.R.L.,30717068374,2024-12-08T00:00:00.000Z,2024-12-08T00:00:00.000Z,Auxiliar de Estudios,035342,035340,Disponible,estado,696422f65dd723128ad69e46,0
MORINIGO RICHARD ARIEL,20444347830,2030 S.R.L.,30717068374,2024-12-08T00:00:00.000Z,2024-12-08T00:00:00.000Z,Asistente de Iluminación,035313,035312,Disponible,estado,696424ef5dd723128ad69f80,5
VILLANUEVA KARINA ELIZABETH,27235546901,2030 S.R.L.,30717068374,2024-12-09T00:00:00.000Z,2024-12-13T00:00:00.000Z,Peinador,035352,035350,Disponible,estado,696423c85dd723128ad69f03,4
AQUINO ENZO GABRIEL,20442166987,2030 S.R.L.,30717068374,2024-12-09T00:00:00.000Z,2024-12-09T00:00:00.000Z,Asistente de Iluminación,035313,035312,Disponible,estado,696424b95dd723128ad69f68,13
RODRIGUEZ AGUSTIN EZEQUIEL,20420927062,2030 S.R.L.,30717068374,2024-12-09T00:00:00.000Z,2024-12-09T00:00:00.000Z,Asistente de Iluminación,035313,035312,Disponible,estado,696425055dd723128ad69f91,19
RAFFA VICTORIA,20238045518,2030 S.R.L.,30717068374,2024-12-11T00:00:00.000Z,2024-12-11T00:00:00.000Z,Peinador,035352,035350,Disponible,estado,696422e75dd723128ad69e3e,11
BALAZS GABRIELA LUDMILA,27330222056,2030 S.R.L.,30717068374,2024-12-11T00:00:00.000Z,2025-01-17T00:00:00.000Z,Operador Realizador Cinematográfico,035289,035288,Disponible,estado,696423fa5dd723128ad69f2a,0
BALAZS GABRIELA LUDMILA,27330222056,2030 S.R.L.,30717068374,2024-12-11T00:00:00.000Z,2025-01-17T00:00:00.000Z,Operador Realizador Cinematográfico,035289,035288,Disponible,estado,696423fa5dd723128ad69f2a,1
MORINIGO RICHARD ARIEL,20444347830,2030 S.R.L.,30717068374,2024-12-11T00:00:00.000Z,2024-12-11T00:00:00.000Z,Asistente de Iluminación,035313,035312,Disponible,estado,696424ef5dd723128ad69f80,6
UZQUIANO CAROLINA CELESTE,27261997172,2030 S.R.L.,30717068374,2024-12-12T00:00:00.000Z,2024-12-13T00:00:00.000Z,Peinador,035352,035350,Disponible,estado,696423085dd723128ad69e54,2
AAIL MAURICIO GABRIEL,20314191723,2030 S.R.L.,30717068374,2024-12-12T00:00:00.000Z,2024-12-12T00:00:00.000Z,Asistente de cámara especializado / Grip,035340,035358,Disponible,estado,696423d85dd723128ad69f16,6
MORINIGO RICHARD ARIEL,20444347830,2030 S.R.L.,30717068374,2024-12-12T00:00:00.000Z,2024-12-13T00:00:00.000Z,Asistente de Iluminación,035313,035312,Disponible,estado,696424ef5dd723128ad69f80,7
PAFUNDO AGUSTIN NEHUEN,20428740603,2030 S.R.L.,30717068374,2024-12-14T00:00:00.000Z,2024-12-14T00:00:00.000Z,Asistente de cámara especializado / Grip,035340,035358,Disponible,estado,696421b05dd723128ad69d47,9
UZQUIANO CAROLINA CELESTE,27261997172,2030 S.R.L.,30717068374,2024-12-14T00:00:00.000Z,2024-12-14T00:00:00.000Z,Peinador,035352,035350,Disponible,estado,696423085dd723128ad69e54,3
FUNEZ JULIO RAMON AURELIO,20216305052,2030 S.R.L.,30717068374,2024-12-14T00:00:00.000Z,2024-12-14T00:00:00.000Z,Microfonista,035348,035346,Disponible,estado,696423d65dd723128ad69f13,10
GONZALEZ ENZO ANDRES,20366357867,2030 S.R.L.,30717068374,2024-12-14T00:00:00.000Z,2024-12-14T00:00:00.000Z,Auxiliar de Estudios,035342,035340,Disponible,estado,696425015dd723128ad69f8e,4
RAFFA VICTORIA,20238045518,2030 S.R.L.,30717068374,2024-12-15T00:00:00.000Z,2024-12-15T00:00:00.000Z,Peinador,035352,035350,Disponible,estado,696422e75dd723128ad69e3e,12
MORINIGO RICHARD ARIEL,20444347830,2030 S.R.L.,30717068374,2024-12-15T00:00:00.000Z,2024-12-15T00:00:00.000Z,Asistente de Iluminación,035313,035312,Disponible,estado,696424ef5dd723128ad69f80,8
RODRIGUEZ AGUSTIN EZEQUIEL,20420927062,2030 S.R.L.,30717068374,2024-12-15T00:00:00.000Z,2024-12-15T00:00:00.000Z,Asistente de Iluminación,035313,035312,Disponible,estado,696425055dd723128ad69f91,20
UZQUIANO CAROLINA CELESTE,27261997172,2030 S.R.L.,30717068374,2024-12-16T00:00:00.000Z,2024-12-16T00:00:00.000Z,Peinador,035352,035350,Disponible,estado,696423085dd723128ad69e54,4
PALACIOS MARIA CECILIA,27277046720,2030 S.R.L.,30717068374,2024-12-16T00:00:00.000Z,2024-12-31T00:00:00.000Z,Operador Realizador Cinematográfico,035289,035288,Firma pendiente,estado,696422f55dd723128ad69e44,0
AAIL MAURICIO GABRIEL,20314191723,2030 S.R.L.,30717068374,2024-12-16T00:00:00.000Z,2024-12-16T00:00:00.000Z,Asistente de cámara especializado / Grip,035340,035358,Disponible,estado,696423d85dd723128ad69f16,7
AQUINO ENZO GABRIEL,20442166987,2030 S.R.L.,30717068374,2024-12-16T00:00:00.000Z,2024-12-16T00:00:00.000Z,Asistente de Iluminación,035313,035312,Disponible,estado,696424b95dd723128ad69f68,14
RODRIGUEZ AGUSTIN EZEQUIEL,20420927062,2030 S.R.L.,30717068374,2024-12-16T00:00:00.000Z,2024-12-16T00:00:00.000Z,Asistente de Iluminación,035313,035312,Disponible,estado,696425055dd723128ad69f91,21
UZQUIANO CAROLINA CELESTE,27261997172,2030 S.R.L.,30717068374,2024-12-17T00:00:00.000Z,2024-12-18T00:00:00.000Z,Peinador,035352,035350,Disponible,estado,696423085dd723128ad69e54,5
MORINIGO RICHARD ARIEL,20444347830,2030 S.R.L.,30717068374,2024-12-18T00:00:00.000Z,2024-12-20T00:00:00.000Z,Asistente de Iluminación,035313,035312,Disponible,estado,696424ef5dd723128ad69f80,9
QUINTANA MARIA EVA,23388808314,2030 S.R.L.,30717068374,2024-12-19T00:00:00.000Z,2024-12-19T00:00:00.000Z,Peinador,035352,035350,Disponible,estado,6964232e5dd723128ad69e7a,0
RAFFA VICTORIA,20238045518,2030 S.R.L.,30717068374,2024-12-20T00:00:00.000Z,2024-12-20T00:00:00.000Z,Peinador,035352,035350,Disponible,estado,696422e75dd723128ad69e3e,13
IPPOLITO FRANCO JAVIER,20400969540,2030 S.R.L.,30717068374,2024-12-21T00:00:00.000Z,2024-12-21T00:00:00.000Z,Microfonista,035348,035346,Disponible,estado,696422415dd723128ad69df6,5
UZQUIANO CAROLINA CELESTE,27261997172,2030 S.R.L.,30717068374,2024-12-21T00:00:00.000Z,2024-12-21T00:00:00.000Z,Peinador,035352,035350,Disponible,estado,696423085dd723128ad69e54,6
BUCHHAMMER TOMAS,20418231085,2030 S.R.L.,30717068374,2024-12-21T00:00:00.000Z,2024-12-21T00:00:00.000Z,Asistente de cámara especializado / Grip,035340,035358,Disponible,estado,696423065dd723128ad69e52,7
SEITOUR NICOLAS EZEQUIEL,20377521340,2030 S.R.L.,30717068374,2024-12-21T00:00:00.000Z,2024-12-21T00:00:00.000Z,Auxiliar de Estudios,035342,035340,Disponible,estado,696422f65dd723128ad69e46,1
FUNEZ JULIO RAMON AURELIO,20216305052,2030 S.R.L.,30717068374,2024-12-21T00:00:00.000Z,2024-12-21T00:00:00.000Z,Microfonista,035348,035346,Disponible,estado,696423d65dd723128ad69f13,11
GONZALEZ ENZO ANDRES,20366357867,2030 S.R.L.,30717068374,2024-12-21T00:00:00.000Z,2024-12-21T00:00:00.000Z,Auxiliar de Estudios,035342,035340,Disponible,estado,696425015dd723128ad69f8e,5
CASSANO BATTAGLIA LUCIANO EZEQUIEL,20426547121,2030 S.R.L.,30717068374,2024-12-21T00:00:00.000Z,2024-12-21T00:00:00.000Z,Asistente de cámara especializado / Grip,035340,035358,Disponible,estado,696423c75dd723128ad69f02,8
GOMEZ GUILLERMO ROLANDO,20253893509,2030 S.R.L.,30717068374,2024-12-22T00:00:00.000Z,2025-01-01T00:00:00.000Z,Asistente de cámara especializado / Grip,035340,035358,Disponible,estado,696422d95dd723128ad69e37,1
RAFFA VICTORIA,20238045518,2030 S.R.L.,30717068374,2024-12-22T00:00:00.000Z,2024-12-22T00:00:00.000Z,Peinador,035352,035350,Disponible,estado,696422e75dd723128ad69e3e,14
MEDINA CARLA ANDREA,27336651307,2030 S.R.L.,30717068374,2024-12-22T00:00:00.000Z,2024-12-22T00:00:00.000Z,Peinador,035352,035350,Disponible,estado,696422705dd723128ad69e0f,1
MORINIGO RICHARD ARIEL,20444347830,2030 S.R.L.,30717068374,2024-12-22T00:00:00.000Z,2024-12-22T00:00:00.000Z,Asistente de Iluminación,035313,035312,Disponible,estado,696424ef5dd723128ad69f80,10
AQUINO ENZO GABRIEL,20442166987,2030 S.R.L.,30717068374,2024-12-23T00:00:00.000Z,2024-12-23T00:00:00.000Z,Asistente de Iluminación,035313,035312,Disponible,estado,696424b95dd723128ad69f68,15
RODRIGUEZ AGUSTIN EZEQUIEL,20420927062,2030 S.R.L.,30717068374,2024-12-23T00:00:00.000Z,2024-12-23T00:00:00.000Z,Asistente de Iluminación,035313,035312,Disponible,estado,696425055dd723128ad69f91,22
CERDAN SANDRA PATRICIA,27218495716,2030 S.R.L.,30717068374,2024-12-24T00:00:00.000Z,2024-12-27T00:00:00.000Z,Peinador,035352,035350,Disponible,estado,6964232e5dd723128ad69e79,4
BENITEZ CERDAN LOURDES MARIA,27433146625,2030 S.R.L.,30717068374,2024-12-24T00:00:00.000Z,2024-12-24T00:00:00.000Z,Peinador,035352,035350,Disponible,estado,6964232d5dd723128ad69e78,0
UZQUIANO CAROLINA CELESTE,27261997172,2030 S.R.L.,30717068374,2024-12-25T00:00:00.000Z,2024-12-25T00:00:00.000Z,Peinador,035352,035350,Disponible,estado,696423085dd723128ad69e54,7
BENITEZ CERDAN LOURDES MARIA,27433146625,2030 S.R.L.,30717068374,2024-12-26T00:00:00.000Z,2024-12-27T00:00:00.000Z,Peinador,035352,035350,Disponible,estado,6964232d5dd723128ad69e78,1
RODINI SILVINA MAGALI,27367864163,2030 S.R.L.,30717068374,2024-12-27T00:00:00.000Z,2024-12-27T00:00:00.000Z,Peinador,035352,035350,Disponible,estado,696422e55dd723128ad69e3d,12
AAIL MAURICIO GABRIEL,20314191723,2030 S.R.L.,30717068374,2024-12-27T00:00:00.000Z,2024-12-27T00:00:00.000Z,Asistente de cámara especializado / Grip,035340,035358,Disponible,estado,696423d85dd723128ad69f16,8
AQUINO ENZO GABRIEL,20442166987,2030 S.R.L.,30717068374,2024-12-27T00:00:00.000Z,2024-12-27T00:00:00.000Z,Asistente de Iluminación,035313,035312,Disponible,estado,696424b95dd723128ad69f68,16
IPPOLITO FRANCO JAVIER,20400969540,2030 S.R.L.,30717068374,2024-12-28T00:00:00.000Z,2024-12-28T00:00:00.000Z,Microfonista,035348,035346,Disponible,estado,696422415dd723128ad69df6,6
UZQUIANO CAROLINA CELESTE,27261997172,2030 S.R.L.,30717068374,2024-12-28T00:00:00.000Z,2024-12-28T00:00:00.000Z,Peinador,035352,035350,Disponible,estado,696423085dd723128ad69e54,8
BENITEZ CERDAN LOURDES MARIA,27433146625,2030 S.R.L.,30717068374,2024-12-28T00:00:00.000Z,2024-12-29T00:00:00.000Z,Peinador,035352,035350,Disponible,estado,6964232d5dd723128ad69e78,2
GONZALEZ ENZO ANDRES,20366357867,2030 S.R.L.,30717068374,2024-12-28T00:00:00.000Z,2024-12-28T00:00:00.000Z,Auxiliar de Estudios,035342,035340,Disponible,estado,696425015dd723128ad69f8e,6
AAIL MAURICIO GABRIEL,20314191723,2030 S.R.L.,30717068374,2024-12-28T00:00:00.000Z,2024-12-28T00:00:00.000Z,Asistente de cámara especializado / Grip,035340,035358,Disponible,estado,696423d85dd723128ad69f16,9
RAFFA VICTORIA,20238045518,2030 S.R.L.,30717068374,2024-12-29T00:00:00.000Z,2024-12-29T00:00:00.000Z,Peinador,035352,035350,Disponible,estado,696422e75dd723128ad69e3e,15
GONZALEZ ENZO ANDRES,20366357867,2030 S.R.L.,30717068374,2024-12-29T00:00:00.000Z,2024-12-30T00:00:00.000Z,Asistente de cámara especializado / Grip,035340,035358,Disponible,estado,696425015dd723128ad69f8e,0
AQUINO ALAN GABRIEL,20463515892,2030 S.R.L.,30717068374,2024-12-29T00:00:00.000Z,2024-12-29T00:00:00.000Z,Asistente de Iluminación,035313,035312,Disponible,estado,696423bc5dd723128ad69ef7,0
BENITEZ CERDAN LOURDES MARIA,27433146625,2030 S.R.L.,30717068374,2024-12-30T00:00:00.000Z,2025-01-03T00:00:00.000Z,Peinador,035352,035350,Disponible,estado,6964232d5dd723128ad69e78,3
CHAHIM MARIA FERNANDA,27326544588,2030 S.R.L.,30717068374,2024-12-30T00:00:00.000Z,2025-01-03T00:00:00.000Z,Modista Realizadora,035349,035347,Disponible,estado,696424cb5dd723128ad69f6d,2
AAIL MAURICIO GABRIEL,20314191723,2030 S.R.L.,30717068374,2024-12-30T00:00:00.000Z,2024-12-30T00:00:00.000Z,Auxiliar de Estudios,035342,035340,Disponible,estado,696423d85dd723128ad69f16,21
AQUINO ENZO GABRIEL,20442166987,2030 S.R.L.,30717068374,2024-12-30T00:00:00.000Z,2024-12-30T00:00:00.000Z,Asistente de Iluminación,035313,035312,Disponible,estado,696424b95dd723128ad69f68,17
CASSANO BATTAGLIA LUCIANO EZEQUIEL,20426547121,2030 S.R.L.,30717068374,2024-12-30T00:00:00.000Z,2025-01-12T00:00:00.000Z,Asistente de cámara especializado / Grip,035340,035358,Disponible,estado,696423c75dd723128ad69f02,9
RODRIGUEZ AGUSTIN EZEQUIEL,20420927062,2030 S.R.L.,30717068374,2024-12-30T00:00:00.000Z,2024-12-30T00:00:00.000Z,Asistente de Iluminación,035313,035312,Disponible,estado,696425055dd723128ad69f91,23
RODINI SILVINA MAGALI,27367864163,2030 S.R.L.,30717068374,2024-12-31T00:00:00.000Z,2025-02-03T00:00:00.000Z,Peinador,035352,035350,Disponible,estado,696422e55dd723128ad69e3d,13
TEMPORA JOEL ALEXIS,20379960023,2030 S.R.L.,30717068374,2025-01-01T00:00:00.000Z,2025-03-31T00:00:00.000Z,Asistente de cámara especializado / Grip,035340,035358,Disponible,estado,696421ae5dd723128ad69d45,1
MARMOL OCTAVIO,20436261501,2030 S.R.L.,30717068374,2025-01-01T00:00:00.000Z,2025-01-31T00:00:00.000Z,Auxiliar de Estudios,035342,035340,Disponible,estado,696422475dd723128ad69dfe,3
HENRIQUEZ ALISTE CARLOS ANDRES,20924062976,2030 S.R.L.,30717068374,2025-01-01T00:00:00.000Z,2025-03-31T00:00:00.000Z,Asistente de Iluminación,035313,035312,Disponible,estado,696422645dd723128ad69e0c,1
FETELLAN MAXIMILIANO  ANGEL,20427272134,2030 S.R.L.,30717068374,2025-01-01T00:00:00.000Z,2025-03-31T00:00:00.000Z,Asistente de cámara especializado / Grip,035340,035358,Disponible,estado,696424c05dd723128ad69f6b,6
SOTO CINTHIA BELEN,27390593800,2030 S.R.L.,30717068374,2025-01-01T00:00:00.000Z,2025-03-31T00:00:00.000Z,Modista Realizadora,035349,035347,Disponible,estado,696424e85dd723128ad69f7b,1
CARNEIRO LEANDRO MATIAS,20370406678,2030 S.R.L.,30717068374,2025-01-01T00:00:00.000Z,2025-03-31T00:00:00.000Z,Microfonista,035348,035346,Disponible,estado,6964243f5dd723128ad69f3e,1
AQUINO MAURICIO MARTIN,23463513929,2030 S.R.L.,30717068374,2025-01-01T00:00:00.000Z,2025-03-31T00:00:00.000Z,Asistente de Iluminación,035313,035312,Disponible,estado,696423bd5dd723128ad69ef8,1
Paccoret Guido Juan Carlos,20343959010,2030 S.R.L.,30717068374,2025-01-01T00:00:00.000Z,2025-01-31T00:00:00.000Z,Asistente de cámara especializado / Grip,035340,035358,Disponible,estado,696423c05dd723128ad69efc,15
MONTENEGRO PABLO JAVIER,20301160926,2030 S.R.L.,30717068374,2025-01-01T00:00:00.000Z,2025-03-31T00:00:00.000Z,Microfonista,035348,035346,Disponible,estado,696424925dd723128ad69f5f,1
VIGO PATRICIO FAVIO,20455805407,2030 S.R.L.,30717068374,2025-01-01T00:00:00.000Z,2025-03-31T00:00:00.000Z,Asistente de cámara especializado / Grip,035340,035358,Disponible,estado,696424bc5dd723128ad69f69,1
FERRAROTTI CANDELA AGOSTINA,27382560766,2030 S.R.L.,30717068374,2025-01-01T00:00:00.000Z,2025-03-31T00:00:00.000Z,Modista Realizadora,035349,035347,Disponible,estado,696424d65dd723128ad69f73,1
SOSTEGNO LUIS,20289103431,2030 S.R.L.,30717068374,2025-01-01T00:00:00.000Z,2025-03-31T00:00:00.000Z,Asistente de cámara especializado / Grip,035340,035358,Disponible,estado,696424d95dd723128ad69f75,1
ZOMPICCHIATTI THIAGO,20448705464,2030 S.R.L.,30717068374,2025-01-01T00:00:00.000Z,2025-03-31T00:00:00.000Z,Auxiliar de Estudios,035342,035340,Disponible,estado,696424b35dd723128ad69f65,1
HERNANDEZ DUNN FACUNDO ARIEL,20434475342,2030 S.R.L.,30717068374,2025-01-01T00:00:00.000Z,2025-03-31T00:00:00.000Z,Auxiliar de Estudios,035342,035340,Disponible,estado,696424de5dd723128ad69f78,1
CIEJOVICZ FABIO LUIS,20337272658,2030 S.R.L.,30717068374,2025-01-03T00:00:00.000Z,2025-01-31T00:00:00.000Z,Peinador,035352,035350,Disponible,estado,6964230c5dd723128ad69e5a,0
AQUINO ENZO GABRIEL,20442166987,2030 S.R.L.,30717068374,2025-01-03T00:00:00.000Z,2025-01-03T00:00:00.000Z,Asistente de Iluminación,035313,035312,Disponible,estado,696424b95dd723128ad69f68,18
IPPOLITO FRANCO JAVIER,20400969540,2030 S.R.L.,30717068374,2025-01-04T00:00:00.000Z,2025-01-04T00:00:00.000Z,Microfonista,035348,035346,Disponible,estado,696422415dd723128ad69df6,7
BENITEZ CERDAN LOURDES MARIA,27433146625,2030 S.R.L.,30717068374,2025-01-04T00:00:00.000Z,2025-01-31T00:00:00.000Z,Peinador,035352,035350,Disponible,estado,6964232d5dd723128ad69e78,4
BRACUTO ALEJANDRO MANUEL,20326702677,2030 S.R.L.,30717068374,2025-01-04T00:00:00.000Z,2025-01-04T00:00:00.000Z,Asistente de cámara especializado / Grip,035340,035358,Disponible,estado,696424f35dd723128ad69f87,0
AAIL MAURICIO GABRIEL,20314191723,2030 S.R.L.,30717068374,2025-01-04T00:00:00.000Z,2025-01-04T00:00:00.000Z,Auxiliar de Estudios,035342,035340,Disponible,estado,696423d85dd723128ad69f16,22
AQUINO ENZO GABRIEL,20442166987,2030 S.R.L.,30717068374,2025-01-04T00:00:00.000Z,2025-01-04T00:00:00.000Z,Asistente de Iluminación,035313,035312,Disponible,estado,696424b95dd723128ad69f68,19
AQUINO ALAN GABRIEL,20463515892,2030 S.R.L.,30717068374,2025-01-05T00:00:00.000Z,2025-01-05T00:00:00.000Z,Asistente de Iluminación,035313,035312,Disponible,estado,696423bc5dd723128ad69ef7,1
AQUINO ENZO GABRIEL,20442166987,2030 S.R.L.,30717068374,2025-01-05T00:00:00.000Z,2025-01-05T00:00:00.000Z,Asistente de Iluminación,035313,035312,Disponible,estado,696424b95dd723128ad69f68,20
DAVALOS KAREN ELIZABETH,27391083202,2030 S.R.L.,30717068374,2025-01-06T00:00:00.000Z,2025-01-19T00:00:00.000Z,Microfonista,035348,035346,Disponible,estado,696422c75dd723128ad69e2e,5
AQUINO ENZO GABRIEL,20442166987,2030 S.R.L.,30717068374,2025-01-06T00:00:00.000Z,2025-01-19T00:00:00.000Z,Asistente de Iluminación,035313,035312,Disponible,estado,696424b95dd723128ad69f68,21
AAIL MAURICIO GABRIEL,20314191723,2030 S.R.L.,30717068374,2025-01-09T00:00:00.000Z,2025-01-14T00:00:00.000Z,Microfonista,035348,035346,Disponible,estado,696423d85dd723128ad69f16,32
IPPOLITO FRANCO JAVIER,20400969540,2030 S.R.L.,30717068374,2025-01-11T00:00:00.000Z,2025-01-11T00:00:00.000Z,Microfonista,035348,035346,Disponible,estado,696422415dd723128ad69df6,8
GOMEZ GUILLERMO ROLANDO,20253893509,2030 S.R.L.,30717068374,2025-01-11T00:00:00.000Z,2025-01-11T00:00:00.000Z,Asistente de cámara especializado / Grip,035340,035358,Disponible,estado,696422d95dd723128ad69e37,2
SEITOUR NICOLAS EZEQUIEL,20377521340,2030 S.R.L.,30717068374,2025-01-11T00:00:00.000Z,2025-01-11T00:00:00.000Z,Auxiliar de Estudios,035342,035340,Disponible,estado,696422f65dd723128ad69e46,2
AAIL MAURICIO GABRIEL,20314191723,2030 S.R.L.,30717068374,2025-01-11T00:00:00.000Z,2025-01-11T00:00:00.000Z,Auxiliar de Estudios,035342,035340,Disponible,estado,696423d85dd723128ad69f16,23
RODRIGUEZ AGUSTIN EZEQUIEL,20420927062,2030 S.R.L.,30717068374,2025-01-11T00:00:00.000Z,2025-01-11T00:00:00.000Z,Asistente de Iluminación,035313,035312,Disponible,estado,696425055dd723128ad69f91,24
BRACUTO ALEJANDRO MANUEL,20326702677,2030 S.R.L.,30717068374,2025-01-12T00:00:00.000Z,2025-01-12T00:00:00.000Z,Asistente de cámara especializado / Grip,035340,035358,Disponible,estado,696424f35dd723128ad69f87,1
RODRIGUEZ AGUSTIN EZEQUIEL,20420927062,2030 S.R.L.,30717068374,2025-01-12T00:00:00.000Z,2025-01-12T00:00:00.000Z,Asistente de Iluminación,035313,035312,Disponible,estado,696425055dd723128ad69f91,25
CIPOLLONE MARTIN JAVIER,20373506258,2030 S.R.L.,30717068374,2025-01-13T00:00:00.000Z,2025-01-13T00:00:00.000Z,Asistente de cámara especializado / Grip,035340,035358,Disponible,estado,696421ac5dd723128ad69d42,0
MORA JORGE ARIEL,20268102362,2030 S.R.L.,30717068374,2025-01-13T00:00:00.000Z,2025-01-14T00:00:00.000Z,Modista Realizadora,035349,035347,Disponible,estado,696423375dd723128ad69e7f,0
VILCHE MARIANELA,27372391850,2030 S.R.L.,30717068374,2025-01-13T00:00:00.000Z,2025-01-13T00:00:00.000Z,Peinador,035352,035350,Disponible,estado,6964231a5dd723128ad69e6a,14
RODINI SILVINA MAGALI,27367864163,2030 S.R.L.,30717068374,2025-01-13T00:00:00.000Z,2025-01-17T00:00:00.000Z,Peinador,035352,035350,Disponible,estado,696422e55dd723128ad69e3d,14
BRACUTO ALEJANDRO MANUEL,20326702677,2030 S.R.L.,30717068374,2025-01-17T00:00:00.000Z,2025-01-20T00:00:00.000Z,Asistente de cámara especializado / Grip,035340,035358,Disponible,estado,696424f35dd723128ad69f87,2
AAIL MAURICIO GABRIEL,20314191723,2030 S.R.L.,30717068374,2025-01-17T00:00:00.000Z,2025-01-17T00:00:00.000Z,Microfonista,035348,035346,Disponible,estado,696423d85dd723128ad69f16,33
IPPOLITO FRANCO JAVIER,20400969540,2030 S.R.L.,30717068374,2025-01-18T00:00:00.000Z,2025-01-18T00:00:00.000Z,Microfonista,035348,035346,Disponible,estado,696422415dd723128ad69df6,9
SEITOUR NICOLAS EZEQUIEL,20377521340,2030 S.R.L.,30717068374,2025-01-18T00:00:00.000Z,2025-01-18T00:00:00.000Z,Auxiliar de Estudios,035342,035340,Disponible,estado,696422f65dd723128ad69e46,3
BRACUTO ALEJANDRO MANUEL,20326702677,2030 S.R.L.,30717068374,2025-01-18T00:00:00.000Z,2025-01-18T00:00:00.000Z,Asistente de cámara especializado / Grip,035340,035358,Disponible,estado,696424f35dd723128ad69f87,3
AAIL MAURICIO GABRIEL,20314191723,2030 S.R.L.,30717068374,2025-01-18T00:00:00.000Z,2025-01-18T00:00:00.000Z,Asistente de cámara especializado / Grip,035340,035358,Disponible,estado,696423d85dd723128ad69f16,10
RODRIGUEZ AGUSTIN EZEQUIEL,20420927062,2030 S.R.L.,30717068374,2025-01-19T00:00:00.000Z,2025-01-19T00:00:00.000Z,Asistente de Iluminación,035313,035312,Disponible,estado,696425055dd723128ad69f91,26
RODINI SILVINA MAGALI,27367864163,2030 S.R.L.,30717068374,2025-01-20T00:00:00.000Z,2025-01-31T00:00:00.000Z,Peinador,035352,035350,Disponible,estado,696422e55dd723128ad69e3d,15
FUNEZ JULIO RAMON AURELIO,20216305052,2030 S.R.L.,30717068374,2025-01-20T00:00:00.000Z,2025-02-02T00:00:00.000Z,Microfonista,035348,035346,Disponible,estado,696423d65dd723128ad69f13,12
AAIL MAURICIO GABRIEL,20314191723,2030 S.R.L.,30717068374,2025-01-20T00:00:00.000Z,2025-02-02T00:00:00.000Z,Asistente de cámara especializado / Grip,035340,035358,Disponible,estado,696423d85dd723128ad69f16,11
AAIL MAURICIO GABRIEL,20314191723,2030 S.R.L.,30717068374,2025-01-20T00:00:00.000Z,2025-02-02T00:00:00.000Z,Auxiliar de Estudios,035342,035340,Disponible,estado,696423d85dd723128ad69f16,24
IPPOLITO FRANCO JAVIER,20400969540,2030 S.R.L.,30717068374,2025-01-24T00:00:00.000Z,2025-01-24T00:00:00.000Z,Microfonista,035348,035346,Disponible,estado,696422415dd723128ad69df6,10
CIPOLLONE MARTIN JAVIER,20373506258,2030 S.R.L.,30717068374,2025-01-25T00:00:00.000Z,2025-01-25T00:00:00.000Z,Asistente de cámara especializado / Grip,035340,035358,Disponible,estado,696421ac5dd723128ad69d42,1
IPPOLITO FRANCO JAVIER,20400969540,2030 S.R.L.,30717068374,2025-01-25T00:00:00.000Z,2025-01-25T00:00:00.000Z,Microfonista,035348,035346,Disponible,estado,696422415dd723128ad69df6,11
SEITOUR NICOLAS EZEQUIEL,20377521340,2030 S.R.L.,30717068374,2025-01-25T00:00:00.000Z,2025-01-25T00:00:00.000Z,Auxiliar de Estudios,035342,035340,Disponible,estado,696422f65dd723128ad69e46,4
BRACUTO ALEJANDRO MANUEL,20326702677,2030 S.R.L.,30717068374,2025-01-25T00:00:00.000Z,2025-01-25T00:00:00.000Z,Auxiliar de Estudios,035342,035340,Disponible,estado,696424f35dd723128ad69f87,7
BRACUTO ALEJANDRO MANUEL,20326702677,2030 S.R.L.,30717068374,2025-01-26T00:00:00.000Z,2025-01-26T00:00:00.000Z,Auxiliar de Estudios,035342,035340,Disponible,estado,696424f35dd723128ad69f87,8
MORINIGO RICHARD ARIEL,20444347830,2030 S.R.L.,30717068374,2025-01-26T00:00:00.000Z,2025-01-26T00:00:00.000Z,Asistente de Iluminación,035313,035312,Disponible,estado,696424ef5dd723128ad69f80,11
LOMBARDI LUCIA,27395842531,2030 S.R.L.,30717068374,2025-01-27T00:00:00.000Z,2025-02-09T00:00:00.000Z,Modista Realizadora,035349,035347,Disponible,estado,696424385dd723128ad69f3a,1
GONZALEZ ENZO ANDRES,20366357867,2030 S.R.L.,30717068374,2025-01-27T00:00:00.000Z,2025-01-27T00:00:00.000Z,Microfonista,035348,035346,Disponible,estado,696425015dd723128ad69f8e,13
GONZALEZ ENZO ANDRES,20366357867,2030 S.R.L.,30717068374,2025-01-28T00:00:00.000Z,2025-01-28T00:00:00.000Z,Microfonista,035348,035346,Disponible,estado,696425015dd723128ad69f8e,14
IPPOLITO FRANCO JAVIER,20400969540,2030 S.R.L.,30717068374,2025-01-29T00:00:00.000Z,2025-01-29T00:00:00.000Z,Microfonista,035348,035346,Disponible,estado,696422415dd723128ad69df6,12
IPPOLITO FRANCO JAVIER,20400969540,2030 S.R.L.,30717068374,2025-01-30T00:00:00.000Z,2025-01-30T00:00:00.000Z,Microfonista,035348,035346,Disponible,estado,696422415dd723128ad69df6,13
SANFILIPPO LAUTARO TADEO,23411631869,2030 S.R.L.,30717068374,2025-01-30T00:00:00.000Z,2025-01-30T00:00:00.000Z,Asistente de cámara especializado / Grip,035340,035358,Disponible,estado,696423115dd723128ad69e65,0
MORINIGO RICHARD ARIEL,20444347830,2030 S.R.L.,30717068374,2025-01-31T00:00:00.000Z,2025-01-31T00:00:00.000Z,Asistente de Iluminación,035313,035312,Disponible,estado,696424ef5dd723128ad69f80,12
PAFUNDO AGUSTIN NEHUEN,20428740603,2030 S.R.L.,30717068374,2025-02-01T00:00:00.000Z,2025-02-01T00:00:00.000Z,Auxiliar de Estudios,035342,035340,Disponible,estado,696421b05dd723128ad69d47,37
IPPOLITO FRANCO JAVIER,20400969540,2030 S.R.L.,30717068374,2025-02-01T00:00:00.000Z,2025-02-01T00:00:00.000Z,Microfonista,035348,035346,Disponible,estado,696422415dd723128ad69df6,14
CIEJOVICZ FABIO LUIS,20337272658,2030 S.R.L.,30717068374,2025-02-01T00:00:00.000Z,2025-02-28T00:00:00.000Z,Peinador,035352,035350,Disponible,estado,6964230c5dd723128ad69e5a,1
MARMOL OCTAVIO,20436261501,2030 S.R.L.,30717068374,2025-02-01T00:00:00.000Z,2025-02-28T00:00:00.000Z,Auxiliar de Estudios,035342,035340,Disponible,estado,696422475dd723128ad69dfe,4
VILCHE MARIANELA,27372391850,2030 S.R.L.,30717068374,2025-02-01T00:00:00.000Z,2025-02-28T00:00:00.000Z,Peinador,035352,035350,Disponible,estado,6964231a5dd723128ad69e6a,15
AQUINO LEONARDO THOMAS,20475604254,2030 S.R.L.,30717068374,2025-02-01T00:00:00.000Z,2025-02-01T00:00:00.000Z,Asistente de Iluminación,035313,035312,Disponible,estado,696423455dd723128ad69e92,0
PARRELLA MILENA LAURA,27295421296,2030 S.R.L.,30717068374,2025-02-01T00:00:00.000Z,2025-02-28T00:00:00.000Z,Operador Realizador Cinematográfico,035289,035288,Firma pendiente,estado,696423015dd723128ad69e4e,1
PARRELLA MILENA LAURA,27295421296,2030 S.R.L.,30717068374,2025-02-01T00:00:00.000Z,2025-02-28T00:00:00.000Z,Operador Realizador Cinematográfico,035289,035288,Firma pendiente,estado,696423015dd723128ad69e4e,2
GONZALEZ ENZO ANDRES,20366357867,2030 S.R.L.,30717068374,2025-02-01T00:00:00.000Z,2025-02-01T00:00:00.000Z,Auxiliar de Estudios,035342,035340,Disponible,estado,696425015dd723128ad69f8e,7
AQUINO ALAN GABRIEL,20463515892,2030 S.R.L.,30717068374,2025-02-01T00:00:00.000Z,2025-02-01T00:00:00.000Z,Asistente de Iluminación,035313,035312,Disponible,estado,696423bc5dd723128ad69ef7,2
Paccoret Guido Juan Carlos,20343959010,2030 S.R.L.,30717068374,2025-02-01T00:00:00.000Z,2025-02-28T00:00:00.000Z,Asistente de cámara especializado / Grip,035340,035358,Disponible,estado,696423c05dd723128ad69efc,16
RIOFRIO PEREA PAULA,23952209124,2030 S.R.L.,30717068374,2025-02-02T00:00:00.000Z,2025-02-02T00:00:00.000Z,Peinador,035352,035350,Disponible,estado,6964222d5dd723128ad69de0,54
MORINIGO RICHARD ARIEL,20444347830,2030 S.R.L.,30717068374,2025-02-02T00:00:00.000Z,2025-02-02T00:00:00.000Z,Asistente de Iluminación,035313,035312,Disponible,estado,696424ef5dd723128ad69f80,13
MORA JORGE ARIEL,20268102362,2030 S.R.L.,30717068374,2025-02-03T00:00:00.000Z,2025-02-07T00:00:00.000Z,Modista Realizadora,035349,035347,Disponible,estado,696423375dd723128ad69e7f,1
RODINI SILVINA MAGALI,27367864163,2030 S.R.L.,30717068374,2025-02-03T00:00:00.000Z,2025-02-28T00:00:00.000Z,Peinador,035352,035350,Disponible,estado,696422e55dd723128ad69e3d,16
GONZALEZ ENZO ANDRES,20366357867,2030 S.R.L.,30717068374,2025-02-03T00:00:00.000Z,2025-02-03T00:00:00.000Z,Auxiliar de Estudios,035342,035340,Disponible,estado,696425015dd723128ad69f8e,8
AAIL MAURICIO GABRIEL,20314191723,2030 S.R.L.,30717068374,2025-02-03T00:00:00.000Z,2025-02-09T00:00:00.000Z,Asistente de cámara especializado / Grip,035340,035358,Disponible,estado,696423d85dd723128ad69f16,12
MORINIGO RICHARD ARIEL,20444347830,2030 S.R.L.,30717068374,2025-02-04T00:00:00.000Z,2025-02-05T00:00:00.000Z,Asistente de Iluminación,035313,035312,Disponible,estado,696424ef5dd723128ad69f80,14
PAFUNDO AGUSTIN NEHUEN,20428740603,2030 S.R.L.,30717068374,2025-02-05T00:00:00.000Z,2025-02-09T00:00:00.000Z,Asistente de cámara especializado / Grip,035340,035358,Disponible,estado,696421b05dd723128ad69d47,10
CERDAN SANDRA PATRICIA,27218495716,2030 S.R.L.,30717068374,2025-02-07T00:00:00.000Z,2025-02-07T00:00:00.000Z,Peinador,035352,035350,Disponible,estado,6964232e5dd723128ad69e79,5
CIPOLLONE MARTIN JAVIER,20373506258,2030 S.R.L.,30717068374,2025-02-08T00:00:00.000Z,2025-02-08T00:00:00.000Z,Asistente de cámara especializado / Grip,035340,035358,Disponible,estado,696421ac5dd723128ad69d42,2
IPPOLITO FRANCO JAVIER,20400969540,2030 S.R.L.,30717068374,2025-02-08T00:00:00.000Z,2025-02-08T00:00:00.000Z,Microfonista,035348,035346,Disponible,estado,696422415dd723128ad69df6,15
AQUINO LEONARDO THOMAS,20475604254,2030 S.R.L.,30717068374,2025-02-08T00:00:00.000Z,2025-02-08T00:00:00.000Z,Asistente de Iluminación,035313,035312,Disponible,estado,696423455dd723128ad69e92,1
SEITOUR NICOLAS EZEQUIEL,20377521340,2030 S.R.L.,30717068374,2025-02-08T00:00:00.000Z,2025-02-08T00:00:00.000Z,Auxiliar de Estudios,035342,035340,Disponible,estado,696422f65dd723128ad69e46,5
TIERO SERGIO DAMIAN,20327243994,2030 S.R.L.,30717068374,2025-02-08T00:00:00.000Z,2025-02-08T00:00:00.000Z,Asistente de Iluminación,035313,035312,Disponible,estado,696423de5dd723128ad69f1c,0
GONZALEZ ENZO ANDRES,20366357867,2030 S.R.L.,30717068374,2025-02-08T00:00:00.000Z,2025-02-08T00:00:00.000Z,Auxiliar de Estudios,035342,035340,Disponible,estado,696425015dd723128ad69f8e,9
Zamorano Matias,20406383734,2030 S.R.L.,30717068374,2025-02-10T00:00:00.000Z,2025-02-10T00:00:00.000Z,Asistente de cámara especializado / Grip,035340,035358,Disponible,estado,696423585dd723128ad69ea2,0
CHAHIM MARIA FERNANDA,27326544588,2030 S.R.L.,30717068374,2025-02-10T00:00:00.000Z,2025-02-24T00:00:00.000Z,Modista Realizadora,035349,035347,Disponible,estado,696424cb5dd723128ad69f6d,3
MORA JORGE ARIEL,20268102362,2030 S.R.L.,30717068374,2025-02-11T00:00:00.000Z,2025-02-11T00:00:00.000Z,Modista Realizadora,035349,035347,Disponible,estado,696423375dd723128ad69e7f,2
RIOFRIO PEREA PAULA,23952209124,2030 S.R.L.,30717068374,2025-02-13T00:00:00.000Z,2025-02-15T00:00:00.000Z,Peinador,035352,035350,Disponible,estado,6964222d5dd723128ad69de0,55
CHAVEZ PAZ ABRIL,27460262572,2030 S.R.L.,30717068374,2025-02-13T00:00:00.000Z,2025-02-18T00:00:00.000Z,Auxiliar de Estudios,035342,035340,Disponible,estado,6964237e5dd723128ad69ebc,7
GONZALEZ ENZO ANDRES,20366357867,2030 S.R.L.,30717068374,2025-02-14T00:00:00.000Z,2025-02-14T00:00:00.000Z,Auxiliar de Estudios,035342,035340,Disponible,estado,696425015dd723128ad69f8e,10
AQUINO ENZO GABRIEL,20442166987,2030 S.R.L.,30717068374,2025-02-14T00:00:00.000Z,2025-02-14T00:00:00.000Z,Asistente de Iluminación,035313,035312,Disponible,estado,696424b95dd723128ad69f68,22
CIPOLLONE MARTIN JAVIER,20373506258,2030 S.R.L.,30717068374,2025-02-15T00:00:00.000Z,2025-02-15T00:00:00.000Z,Asistente de cámara especializado / Grip,035340,035358,Disponible,estado,696421ac5dd723128ad69d42,3
IPPOLITO FRANCO JAVIER,20400969540,2030 S.R.L.,30717068374,2025-02-15T00:00:00.000Z,2025-02-15T00:00:00.000Z,Microfonista,035348,035346,Disponible,estado,696422415dd723128ad69df6,16
UZQUIANO CAROLINA CELESTE,27261997172,2030 S.R.L.,30717068374,2025-02-15T00:00:00.000Z,2025-02-15T00:00:00.000Z,Peinador,035352,035350,Disponible,estado,696423085dd723128ad69e54,9
SEITOUR NICOLAS EZEQUIEL,20377521340,2030 S.R.L.,30717068374,2025-02-15T00:00:00.000Z,2025-02-15T00:00:00.000Z,Auxiliar de Estudios,035342,035340,Disponible,estado,696422f65dd723128ad69e46,6
TIERO SERGIO DAMIAN,20327243994,2030 S.R.L.,30717068374,2025-02-15T00:00:00.000Z,2025-02-15T00:00:00.000Z,Asistente de Iluminación,035313,035312,Disponible,estado,696423de5dd723128ad69f1c,1
GONZALEZ ENZO ANDRES,20366357867,2030 S.R.L.,30717068374,2025-02-15T00:00:00.000Z,2025-02-15T00:00:00.000Z,Auxiliar de Estudios,035342,035340,Disponible,estado,696425015dd723128ad69f8e,11
PAFUNDO AGUSTIN NEHUEN,20428740603,2030 S.R.L.,30717068374,2025-02-16T00:00:00.000Z,2025-02-16T00:00:00.000Z,Asistente de cámara especializado / Grip,035340,035358,Disponible,estado,696421b05dd723128ad69d47,11
TIERO SERGIO DAMIAN,20327243994,2030 S.R.L.,30717068374,2025-02-16T00:00:00.000Z,2025-02-16T00:00:00.000Z,Asistente de Iluminación,035313,035312,Disponible,estado,696423de5dd723128ad69f1c,2
TIERO SERGIO DAMIAN,20327243994,2030 S.R.L.,30717068374,2025-02-17T00:00:00.000Z,2025-03-02T00:00:00.000Z,Asistente de Iluminación,035313,035312,Disponible,estado,696423de5dd723128ad69f1c,3
Zamorano Matias,20406383734,2030 S.R.L.,30717068374,2025-02-17T00:00:00.000Z,2025-02-28T00:00:00.000Z,Asistente de cámara especializado / Grip,035340,035358,Disponible,estado,696423585dd723128ad69ea2,1
FUNEZ JULIO RAMON AURELIO,20216305052,2030 S.R.L.,30717068374,2025-02-17T00:00:00.000Z,2025-02-17T00:00:00.000Z,Microfonista,035348,035346,Disponible,estado,696423d65dd723128ad69f13,13
GONZALEZ ENZO ANDRES,20366357867,2030 S.R.L.,30717068374,2025-02-17T00:00:00.000Z,2025-03-02T00:00:00.000Z,Asistente de cámara especializado / Grip,035340,035358,Disponible,estado,696425015dd723128ad69f8e,1
MINISSALE LEONARDO JAVIER,20298624118,2030 S.R.L.,30717068374,2025-02-19T00:00:00.000Z,2025-02-19T00:00:00.000Z,Peinador,035352,035350,Disponible,estado,6964237b5dd723128ad69ebb,0
CHAVEZ PAZ ABRIL,27460262572,2030 S.R.L.,30717068374,2025-02-19T00:00:00.000Z,2025-02-21T00:00:00.000Z,Auxiliar de Estudios,035342,035340,Disponible,estado,6964237e5dd723128ad69ebc,8
CASSANO BATTAGLIA LUCIANO EZEQUIEL,20426547121,2030 S.R.L.,30717068374,2025-02-19T00:00:00.000Z,2025-02-24T00:00:00.000Z,Asistente de cámara especializado / Grip,035340,035358,Disponible,estado,696423c75dd723128ad69f02,10
MORINIGO RICHARD ARIEL,20444347830,2030 S.R.L.,30717068374,2025-02-20T00:00:00.000Z,2025-02-20T00:00:00.000Z,Asistente de Iluminación,035313,035312,Disponible,estado,696424ef5dd723128ad69f80,15
RIOFRIO PEREA PAULA,23952209124,2030 S.R.L.,30717068374,2025-02-21T00:00:00.000Z,2025-02-21T00:00:00.000Z,Peinador,035352,035350,Disponible,estado,6964222d5dd723128ad69de0,56
soria xiara,234734986344,2030 S.R.L.,30717068374,2025-02-21T00:00:00.000Z,2025-02-21T00:00:00.000Z,Auxiliar de Estudios,035342,035340,Disponible,estado,696423fd5dd723128ad69f2c,0
MORINIGO RICHARD ARIEL,20444347830,2030 S.R.L.,30717068374,2025-02-21T00:00:00.000Z,2025-02-21T00:00:00.000Z,Asistente de Iluminación,035313,035312,Disponible,estado,696424ef5dd723128ad69f80,16
PAFUNDO AGUSTIN NEHUEN,20428740603,2030 S.R.L.,30717068374,2025-02-22T00:00:00.000Z,2025-02-22T00:00:00.000Z,Asistente de cámara especializado / Grip,035340,035358,Disponible,estado,696421b05dd723128ad69d47,12
IPPOLITO FRANCO JAVIER,20400969540,2030 S.R.L.,30717068374,2025-02-22T00:00:00.000Z,2025-02-22T00:00:00.000Z,Microfonista,035348,035346,Disponible,estado,696422415dd723128ad69df6,17
MINISSALE LEONARDO JAVIER,20298624118,2030 S.R.L.,30717068374,2025-02-22T00:00:00.000Z,2025-02-22T00:00:00.000Z,Peinador,035352,035350,Disponible,estado,6964237b5dd723128ad69ebb,1
CHAVEZ PAZ ABRIL,27460262572,2030 S.R.L.,30717068374,2025-02-22T00:00:00.000Z,2025-03-16T00:00:00.000Z,Auxiliar de Estudios,035342,035340,Disponible,estado,6964237e5dd723128ad69ebc,9
soria xiara,234734986344,2030 S.R.L.,30717068374,2025-02-22T00:00:00.000Z,2025-02-22T00:00:00.000Z,Auxiliar de Estudios,035342,035340,Disponible,estado,696423fd5dd723128ad69f2c,1
PAFUNDO AGUSTIN NEHUEN,20428740603,2030 S.R.L.,30717068374,2025-02-23T00:00:00.000Z,2025-02-23T00:00:00.000Z,Asistente de cámara especializado / Grip,035340,035358,Disponible,estado,696421b05dd723128ad69d47,13
MINISSALE LEONARDO JAVIER,20298624118,2030 S.R.L.,30717068374,2025-02-23T00:00:00.000Z,2025-02-23T00:00:00.000Z,Peinador,035352,035350,Disponible,estado,6964237b5dd723128ad69ebb,2
FUNEZ JULIO RAMON AURELIO,20216305052,2030 S.R.L.,30717068374,2025-02-23T00:00:00.000Z,2025-02-23T00:00:00.000Z,Microfonista,035348,035346,Disponible,estado,696423d65dd723128ad69f13,14
GONZALEZ ENZO ANDRES,20366357867,2030 S.R.L.,30717068374,2025-02-23T00:00:00.000Z,2025-03-04T00:00:00.000Z,Asistente de cámara especializado / Grip,035340,035358,Disponible,estado,696425015dd723128ad69f8e,2
ZOMPICCHIATTI THIAGO,20448705464,2030 S.R.L.,30717068374,2025-02-23T00:00:00.000Z,2025-02-23T00:00:00.000Z,Auxiliar de Estudios,035342,035340,Disponible,estado,696424b35dd723128ad69f65,2
MORINIGO RICHARD ARIEL,20444347830,2030 S.R.L.,30717068374,2025-02-23T00:00:00.000Z,2025-02-23T00:00:00.000Z,Asistente de Iluminación,035313,035312,Disponible,estado,696424ef5dd723128ad69f80,17
MORINIGO RICHARD ARIEL,20444347830,2030 S.R.L.,30717068374,2025-02-23T00:00:00.000Z,2025-02-23T00:00:00.000Z,Asistente de Iluminación,035313,035312,Disponible,estado,696424ef5dd723128ad69f80,18
CASTRO BRIAN EMANUEL,20412923767,2030 S.R.L.,30717068374,2025-02-25T00:00:00.000Z,2025-03-09T00:00:00.000Z,Asistente de cámara especializado / Grip,035340,035358,Disponible,estado,6964237a5dd723128ad69eba,0
miranda sofia priscila yazmin,437777581,2030 S.R.L.,30717068374,2025-03-01T00:00:00.000Z,2025-03-31T00:00:00.000Z,Peinador,035352,035350,Disponible,estado,696421bd5dd723128ad69d53,0
PAFUNDO AGUSTIN NEHUEN,20428740603,2030 S.R.L.,30717068374,2025-03-01T00:00:00.000Z,2025-03-01T00:00:00.000Z,Asistente de cámara especializado / Grip,035340,035358,Disponible,estado,696421b05dd723128ad69d47,14
UZQUIANO CAROLINA CELESTE,27261997172,2030 S.R.L.,30717068374,2025-03-01T00:00:00.000Z,2025-03-31T00:00:00.000Z,Peinador,035352,035350,Disponible,estado,696423085dd723128ad69e54,10
MARMOL OCTAVIO,20436261501,2030 S.R.L.,30717068374,2025-03-01T00:00:00.000Z,2025-03-31T00:00:00.000Z,Auxiliar de Estudios,035342,035340,Disponible,estado,696422475dd723128ad69dfe,5
VILCHE MARIANELA,27372391850,2030 S.R.L.,30717068374,2025-03-01T00:00:00.000Z,2025-03-31T00:00:00.000Z,Peinador,035352,035350,Disponible,estado,6964231a5dd723128ad69e6a,16
PARRELLA MILENA LAURA,27295421296,2030 S.R.L.,30717068374,2025-03-01T00:00:00.000Z,2025-03-31T00:00:00.000Z,Operador Realizador Cinematográfico,035289,035288,Firma pendiente,estado,696423015dd723128ad69e4e,3
CERASO FACUNDO JOAQUIN,20432458467,2030 S.R.L.,30717068374,2025-03-01T00:00:00.000Z,2025-03-01T00:00:00.000Z,Microfonista,035348,035346,Disponible,estado,696423445dd723128ad69e90,21
soria xiara,234734986344,2030 S.R.L.,30717068374,2025-03-01T00:00:00.000Z,2025-03-01T00:00:00.000Z,Auxiliar de Estudios,035342,035340,Disponible,estado,696423fd5dd723128ad69f2c,2
TIERO SERGIO DAMIAN,20327243994,2030 S.R.L.,30717068374,2025-03-01T00:00:00.000Z,2025-03-01T00:00:00.000Z,Asistente de Iluminación,035313,035312,Disponible,estado,696423de5dd723128ad69f1c,4
Zamorano Matias,20406383734,2030 S.R.L.,30717068374,2025-03-01T00:00:00.000Z,2025-03-31T00:00:00.000Z,Asistente de cámara especializado / Grip,035340,035358,Disponible,estado,696423585dd723128ad69ea2,2
VELIZ GABRIEL EMMANUEL,20347288269,2030 S.R.L.,30717068374,2025-03-01T00:00:00.000Z,2025-03-01T00:00:00.000Z,Asistente de cámara especializado / Grip,035340,035358,Disponible,estado,6964246b5dd723128ad69f4e,7
FUNEZ JULIO RAMON AURELIO,20216305052,2030 S.R.L.,30717068374,2025-03-01T00:00:00.000Z,2025-03-01T00:00:00.000Z,Microfonista,035348,035346,Disponible,estado,696423d65dd723128ad69f13,15
GONZALEZ ENZO ANDRES,20366357867,2030 S.R.L.,30717068374,2025-03-01T00:00:00.000Z,2025-03-01T00:00:00.000Z,Auxiliar de Estudios,035342,035340,Disponible,estado,696425015dd723128ad69f8e,12
AQUINO ALAN GABRIEL,20463515892,2030 S.R.L.,30717068374,2025-03-01T00:00:00.000Z,2025-03-01T00:00:00.000Z,Asistente de Iluminación,035313,035312,Disponible,estado,696423bc5dd723128ad69ef7,3
CARNEIRO LEANDRO MATIAS,20370406678,2030 S.R.L.,30717068374,2025-03-01T00:00:00.000Z,2025-06-30T00:00:00.000Z,Microfonista,035348,035346,Disponible,estado,6964243f5dd723128ad69f3e,2
Paccoret Guido Juan Carlos,20343959010,2030 S.R.L.,30717068374,2025-03-01T00:00:00.000Z,2025-03-31T00:00:00.000Z,Asistente de cámara especializado / Grip,035340,035358,Disponible,estado,696423c05dd723128ad69efc,17
PAFUNDO AGUSTIN NEHUEN,20428740603,2030 S.R.L.,30717068374,2025-03-02T00:00:00.000Z,2025-03-02T00:00:00.000Z,Asistente de cámara especializado / Grip,035340,035358,Disponible,estado,696421b05dd723128ad69d47,15
TIERO SERGIO DAMIAN,20327243994,2030 S.R.L.,30717068374,2025-03-02T00:00:00.000Z,2025-03-02T00:00:00.000Z,Asistente de Iluminación,035313,035312,Disponible,estado,696423de5dd723128ad69f1c,5
FUNEZ JULIO RAMON AURELIO,20216305052,2030 S.R.L.,30717068374,2025-03-02T00:00:00.000Z,2025-03-05T00:00:00.000Z,Microfonista,035348,035346,Disponible,estado,696423d65dd723128ad69f13,16
RODRIGUEZ MARCELO GUSTAVO,20229974220,2030 S.R.L.,30717068374,2025-03-02T00:00:00.000Z,2025-03-02T00:00:00.000Z,Asistente de Iluminación,035313,035312,Disponible,estado,696424e45dd723128ad69f7a,0
AQUINO ENZO GABRIEL,20442166987,2030 S.R.L.,30717068374,2025-03-03T00:00:00.000Z,2025-03-03T00:00:00.000Z,Asistente de Iluminación,035313,035312,Disponible,estado,696424b95dd723128ad69f68,23
RODRIGUEZ AGUSTIN EZEQUIEL,20420927062,2030 S.R.L.,30717068374,2025-03-03T00:00:00.000Z,2025-03-03T00:00:00.000Z,Asistente de Iluminación,035313,035312,Disponible,estado,696425055dd723128ad69f91,27
GONZALEZ ENZO ANDRES,20366357867,2030 S.R.L.,30717068374,2025-03-05T00:00:00.000Z,2025-03-31T00:00:00.000Z,Asistente de cámara especializado / Grip,035340,035358,Disponible,estado,696425015dd723128ad69f8e,3
soria xiara,234734986344,2030 S.R.L.,30717068374,2025-03-06T00:00:00.000Z,2025-03-06T00:00:00.000Z,Auxiliar de Estudios,035342,035340,Disponible,estado,696423fd5dd723128ad69f2c,3
FUNEZ JULIO RAMON AURELIO,20216305052,2030 S.R.L.,30717068374,2025-03-06T00:00:00.000Z,2025-03-13T00:00:00.000Z,Microfonista,035348,035346,Disponible,estado,696423d65dd723128ad69f13,17
PAFUNDO AGUSTIN NEHUEN,20428740603,2030 S.R.L.,30717068374,2025-03-07T00:00:00.000Z,2025-03-07T00:00:00.000Z,Asistente de cámara especializado / Grip,035340,035358,Disponible,estado,696421b05dd723128ad69d47,16
PAFUNDO AGUSTIN NEHUEN,20428740603,2030 S.R.L.,30717068374,2025-03-08T00:00:00.000Z,2025-03-08T00:00:00.000Z,Asistente de cámara especializado / Grip,035340,035358,Disponible,estado,696421b05dd723128ad69d47,17
SEITOUR NICOLAS EZEQUIEL,20377521340,2030 S.R.L.,30717068374,2025-03-08T00:00:00.000Z,2025-03-08T00:00:00.000Z,Auxiliar de Estudios,035342,035340,Disponible,estado,696422f65dd723128ad69e46,7
CERASO FACUNDO JOAQUIN,20432458467,2030 S.R.L.,30717068374,2025-03-08T00:00:00.000Z,2025-03-08T00:00:00.000Z,Microfonista,035348,035346,Disponible,estado,696423445dd723128ad69e90,22
soria xiara,234734986344,2030 S.R.L.,30717068374,2025-03-08T00:00:00.000Z,2025-03-08T00:00:00.000Z,Auxiliar de Estudios,035342,035340,Disponible,estado,696423fd5dd723128ad69f2c,4
FUNEZ JULIO RAMON AURELIO,20216305052,2030 S.R.L.,30717068374,2025-03-08T00:00:00.000Z,2025-03-08T00:00:00.000Z,Microfonista,035348,035346,Disponible,estado,696423d65dd723128ad69f13,18
AQUINO ENZO GABRIEL,20442166987,2030 S.R.L.,30717068374,2025-03-08T00:00:00.000Z,2025-03-08T00:00:00.000Z,Asistente de Iluminación,035313,035312,Disponible,estado,696424b95dd723128ad69f68,24
PAFUNDO AGUSTIN NEHUEN,20428740603,2030 S.R.L.,30717068374,2025-03-10T00:00:00.000Z,2025-03-10T00:00:00.000Z,Asistente de cámara especializado / Grip,035340,035358,Disponible,estado,696421b05dd723128ad69d47,18
soria xiara,234734986344,2030 S.R.L.,30717068374,2025-03-10T00:00:00.000Z,2025-03-11T00:00:00.000Z,Auxiliar de Estudios,035342,035340,Disponible,estado,696423fd5dd723128ad69f2c,5
AAIL MAURICIO GABRIEL,20314191723,2030 S.R.L.,30717068374,2025-03-10T00:00:00.000Z,2025-03-16T00:00:00.000Z,Auxiliar de Estudios,035342,035340,Disponible,estado,696423d85dd723128ad69f16,25
PAFUNDO AGUSTIN NEHUEN,20428740603,2030 S.R.L.,30717068374,2025-03-13T00:00:00.000Z,2025-03-13T00:00:00.000Z,Asistente de cámara especializado / Grip,035340,035358,Disponible,estado,696421b05dd723128ad69d47,19
soria xiara,234734986344,2030 S.R.L.,30717068374,2025-03-13T00:00:00.000Z,2025-03-14T00:00:00.000Z,Auxiliar de Estudios,035342,035340,Disponible,estado,696423fd5dd723128ad69f2c,6
PAFUNDO AGUSTIN NEHUEN,20428740603,2030 S.R.L.,30717068374,2025-03-15T00:00:00.000Z,2025-03-15T00:00:00.000Z,Auxiliar de Estudios,035342,035340,Disponible,estado,696421b05dd723128ad69d47,38
TIERO SERGIO DAMIAN,20327243994,2030 S.R.L.,30717068374,2025-03-15T00:00:00.000Z,2025-03-15T00:00:00.000Z,Asistente de Iluminación,035313,035312,Disponible,estado,696423de5dd723128ad69f1c,6
TIERO SERGIO DAMIAN,20327243994,2030 S.R.L.,30717068374,2025-03-15T00:00:00.000Z,2025-03-15T00:00:00.000Z,Asistente de Iluminación,035313,035312,Disponible,estado,696423de5dd723128ad69f1c,7
FUNEZ JULIO RAMON AURELIO,20216305052,2030 S.R.L.,30717068374,2025-03-15T00:00:00.000Z,2025-03-15T00:00:00.000Z,Microfonista,035348,035346,Disponible,estado,696423d65dd723128ad69f13,19
VELIZ BORCA GUSTAVO EMANUEL,20394498611,2030 S.R.L.,30717068374,2025-03-15T00:00:00.000Z,2025-03-15T00:00:00.000Z,Asistente de cámara especializado / Grip,035340,035358,Disponible,estado,696425085dd723128ad69f93,24
RODRIGUEZ JORGE OSCAR,23230233659,2030 S.R.L.,30717068374,2025-03-16T00:00:00.000Z,2025-03-16T00:00:00.000Z,Peinador,035352,035350,Disponible,estado,696421f25dd723128ad69d92,0
soria xiara,234734986344,2030 S.R.L.,30717068374,2025-03-16T00:00:00.000Z,2025-03-16T00:00:00.000Z,Auxiliar de Estudios,035342,035340,Disponible,estado,696423fd5dd723128ad69f2c,7
AAIL MAURICIO GABRIEL,20314191723,2030 S.R.L.,30717068374,2025-03-17T00:00:00.000Z,2025-03-17T00:00:00.000Z,Auxiliar de Estudios,035342,035340,Disponible,estado,696423d85dd723128ad69f16,26
AQUINO ENZO GABRIEL,20442166987,2030 S.R.L.,30717068374,2025-03-17T00:00:00.000Z,2025-03-17T00:00:00.000Z,Asistente de Iluminación,035313,035312,Disponible,estado,696424b95dd723128ad69f68,25
MORINIGO RICHARD ARIEL,20444347830,2030 S.R.L.,30717068374,2025-03-17T00:00:00.000Z,2025-03-30T00:00:00.000Z,Asistente de Iluminación,035313,035312,Disponible,estado,696424ef5dd723128ad69f80,19
RODRIGUEZ AGUSTIN EZEQUIEL,20420927062,2030 S.R.L.,30717068374,2025-03-17T00:00:00.000Z,2025-03-17T00:00:00.000Z,Utilero,035358,035356,Disponible,estado,696425055dd723128ad69f91,31
PAFUNDO AGUSTIN NEHUEN,20428740603,2030 S.R.L.,30717068374,2025-03-18T00:00:00.000Z,2025-03-19T00:00:00.000Z,Asistente de cámara especializado / Grip,035340,035358,Disponible,estado,696421b05dd723128ad69d47,20
CERASO FACUNDO JOAQUIN,20432458467,2030 S.R.L.,30717068374,2025-03-19T00:00:00.000Z,2025-03-19T00:00:00.000Z,Asistente de cámara especializado / Grip,035340,035358,Disponible,estado,696423445dd723128ad69e90,0
soria xiara,234734986344,2030 S.R.L.,30717068374,2025-03-19T00:00:00.000Z,2025-03-19T00:00:00.000Z,Auxiliar de Estudios,035342,035340,Disponible,estado,696423fd5dd723128ad69f2c,8
CERASO FACUNDO JOAQUIN,20432458467,2030 S.R.L.,30717068374,2025-03-20T00:00:00.000Z,2025-03-20T00:00:00.000Z,Asistente de cámara especializado / Grip,035340,035358,Disponible,estado,696423445dd723128ad69e90,1
AAIL MAURICIO GABRIEL,20314191723,2030 S.R.L.,30717068374,2025-03-20T00:00:00.000Z,2025-03-20T00:00:00.000Z,Asistente de cámara especializado / Grip,035340,035358,Disponible,estado,696423d85dd723128ad69f16,13
AAIL MAURICIO GABRIEL,20314191723,2030 S.R.L.,30717068374,2025-03-20T00:00:00.000Z,2025-03-21T00:00:00.000Z,Asistente de cámara especializado / Grip,035340,035358,Disponible,estado,696423d85dd723128ad69f16,14
PAFUNDO AGUSTIN NEHUEN,20428740603,2030 S.R.L.,30717068374,2025-03-21T00:00:00.000Z,2025-03-21T00:00:00.000Z,Asistente de cámara especializado / Grip,035340,035358,Disponible,estado,696421b05dd723128ad69d47,21
PAFUNDO AGUSTIN NEHUEN,20428740603,2030 S.R.L.,30717068374,2025-03-22T00:00:00.000Z,2025-03-22T00:00:00.000Z,Auxiliar de Estudios,035342,035340,Disponible,estado,696421b05dd723128ad69d47,39
SEITOUR NICOLAS EZEQUIEL,20377521340,2030 S.R.L.,30717068374,2025-03-22T00:00:00.000Z,2025-03-22T00:00:00.000Z,Auxiliar de Estudios,035342,035340,Disponible,estado,696422f65dd723128ad69e46,8
CERASO FACUNDO JOAQUIN,20432458467,2030 S.R.L.,30717068374,2025-03-22T00:00:00.000Z,2025-03-22T00:00:00.000Z,Asistente de cámara especializado / Grip,035340,035358,Disponible,estado,696423445dd723128ad69e90,2
CHAVEZ PAZ ABRIL,27460262572,2030 S.R.L.,30717068374,2025-03-22T00:00:00.000Z,2025-03-22T00:00:00.000Z,Auxiliar de Estudios,035342,035340,Disponible,estado,6964237e5dd723128ad69ebc,10
CONZONNO SANTIAGO DANIEL,20406728421,2030 S.R.L.,30717068374,2025-03-22T00:00:00.000Z,2025-03-22T00:00:00.000Z,Microfonista,035348,035346,Disponible,estado,696423795dd723128ad69eb9,0
TIERO SERGIO DAMIAN,20327243994,2030 S.R.L.,30717068374,2025-03-22T00:00:00.000Z,2025-03-22T00:00:00.000Z,Asistente de Iluminación,035313,035312,Disponible,estado,696423de5dd723128ad69f1c,8
BRACUTO ALEJANDRO MANUEL,20326702677,2030 S.R.L.,30717068374,2025-03-22T00:00:00.000Z,2025-03-22T00:00:00.000Z,Asistente de cámara especializado / Grip,035340,035358,Disponible,estado,696424f35dd723128ad69f87,4
PAFUNDO AGUSTIN NEHUEN,20428740603,2030 S.R.L.,30717068374,2025-03-23T00:00:00.000Z,2025-03-23T00:00:00.000Z,Asistente de cámara especializado / Grip,035340,035358,Disponible,estado,696421b05dd723128ad69d47,22
TIERO SERGIO DAMIAN,20327243994,2030 S.R.L.,30717068374,2025-03-23T00:00:00.000Z,2025-03-23T00:00:00.000Z,Asistente de Iluminación,035313,035312,Disponible,estado,696423de5dd723128ad69f1c,9
BUSTOS LUNA LAUTARO,20414312773,2030 S.R.L.,30717068374,2025-03-24T00:00:00.000Z,2025-03-31T00:00:00.000Z,Modista Realizadora,035349,035347,Disponible,estado,696422215dd723128ad69dd4,0
AQUINO ENZO GABRIEL,20442166987,2030 S.R.L.,30717068374,2025-03-24T00:00:00.000Z,2025-03-24T00:00:00.000Z,Asistente de Iluminación,035313,035312,Disponible,estado,696424b95dd723128ad69f68,26
RODRIGUEZ AGUSTIN EZEQUIEL,20420927062,2030 S.R.L.,30717068374,2025-03-24T00:00:00.000Z,2025-03-24T00:00:00.000Z,Asistente de Iluminación,035313,035312,Disponible,estado,696425055dd723128ad69f91,28
CASTRO BRIAN EMANUEL,20412923767,2030 S.R.L.,30717068374,2025-03-25T00:00:00.000Z,2025-03-30T00:00:00.000Z,Asistente de cámara especializado / Grip,035340,035358,Disponible,estado,6964237a5dd723128ad69eba,1
soria xiara,234734986344,2030 S.R.L.,30717068374,2025-03-25T00:00:00.000Z,2025-03-25T00:00:00.000Z,Auxiliar de Estudios,035342,035340,Disponible,estado,696423fd5dd723128ad69f2c,9
OCAMPO CARLOS JOSE,20164122981,2030 S.R.L.,30717068374,2025-03-25T00:00:00.000Z,2025-03-29T00:00:00.000Z,Microfonista,035348,035346,Disponible,estado,696423945dd723128ad69ecf,0
CERASO FACUNDO JOAQUIN,20432458467,2030 S.R.L.,30717068374,2025-03-26T00:00:00.000Z,2025-03-26T00:00:00.000Z,Asistente de cámara especializado / Grip,035340,035358,Disponible,estado,696423445dd723128ad69e90,3
PAFUNDO AGUSTIN NEHUEN,20428740603,2030 S.R.L.,30717068374,2025-03-27T00:00:00.000Z,2025-03-31T00:00:00.000Z,Microfonista,035348,035346,Disponible,estado,696421b05dd723128ad69d47,44
CIPOLLONE MARTIN JAVIER,20373506258,2030 S.R.L.,30717068374,2025-03-29T00:00:00.000Z,2025-03-29T00:00:00.000Z,Auxiliar de Estudios,035342,035340,Disponible,estado,696421ac5dd723128ad69d42,4
CIPOLLONE MARTIN JAVIER,20373506258,2030 S.R.L.,30717068374,2025-03-29T00:00:00.000Z,2025-03-29T00:00:00.000Z,Auxiliar de Estudios,035342,035340,Disponible,estado,696421ac5dd723128ad69d42,5
SEITOUR NICOLAS EZEQUIEL,20377521340,2030 S.R.L.,30717068374,2025-03-29T00:00:00.000Z,2025-03-29T00:00:00.000Z,Auxiliar de Estudios,035342,035340,Disponible,estado,696422f65dd723128ad69e46,9
CERASO FACUNDO JOAQUIN,20432458467,2030 S.R.L.,30717068374,2025-03-29T00:00:00.000Z,2025-03-29T00:00:00.000Z,Asistente de cámara especializado / Grip,035340,035358,Disponible,estado,696423445dd723128ad69e90,4
CHAVEZ PAZ ABRIL,27460262572,2030 S.R.L.,30717068374,2025-03-29T00:00:00.000Z,2025-03-29T00:00:00.000Z,Auxiliar de Estudios,035342,035340,Disponible,estado,6964237e5dd723128ad69ebc,11
CONZONNO SANTIAGO DANIEL,20406728421,2030 S.R.L.,30717068374,2025-03-29T00:00:00.000Z,2025-03-29T00:00:00.000Z,Microfonista,035348,035346,Disponible,estado,696423795dd723128ad69eb9,1
BRACUTO ALEJANDRO MANUEL,20326702677,2030 S.R.L.,30717068374,2025-03-29T00:00:00.000Z,2025-03-29T00:00:00.000Z,Asistente de cámara especializado / Grip,035340,035358,Disponible,estado,696424f35dd723128ad69f87,5
FUNEZ JULIO RAMON AURELIO,20216305052,2030 S.R.L.,30717068374,2025-03-29T00:00:00.000Z,2025-03-29T00:00:00.000Z,Microfonista,035348,035346,Disponible,estado,696423d65dd723128ad69f13,20
RODRIGUEZ JORGE OSCAR,23230233659,2030 S.R.L.,30717068374,2025-03-30T00:00:00.000Z,2025-03-30T00:00:00.000Z,Peinador,035352,035350,Disponible,estado,696421f25dd723128ad69d92,1
soria xiara,234734986344,2030 S.R.L.,30717068374,2025-03-30T00:00:00.000Z,2025-03-30T00:00:00.000Z,Auxiliar de Estudios,035342,035340,Disponible,estado,696423fd5dd723128ad69f2c,10
RODRIGUEZ JORGE OSCAR,23230233659,2030 S.R.L.,30717068374,2025-03-31T00:00:00.000Z,2025-03-31T00:00:00.000Z,Peinador,035352,035350,Disponible,estado,696421f25dd723128ad69d92,2
AAIL MAURICIO GABRIEL,20314191723,2030 S.R.L.,30717068374,2025-03-31T00:00:00.000Z,2025-04-07T00:00:00.000Z,Asistente de cámara especializado / Grip,035340,035358,Disponible,estado,696423d85dd723128ad69f16,15
AQUINO ENZO GABRIEL,20442166987,2030 S.R.L.,30717068374,2025-03-31T00:00:00.000Z,2025-03-31T00:00:00.000Z,Asistente de Iluminación,035313,035312,Disponible,estado,696424b95dd723128ad69f68,27
RODRIGUEZ AGUSTIN EZEQUIEL,20420927062,2030 S.R.L.,30717068374,2025-03-31T00:00:00.000Z,2025-03-31T00:00:00.000Z,Asistente de Iluminación,035313,035312,Disponible,estado,696425055dd723128ad69f91,29
TEMPORA JOEL ALEXIS,20379960023,2030 S.R.L.,30717068374,2025-04-01T00:00:00.000Z,2025-06-30T00:00:00.000Z,Asistente de cámara especializado / Grip,035340,035358,Disponible,estado,696421ae5dd723128ad69d45,2
RODRIGUEZ JORGE OSCAR,23230233659,2030 S.R.L.,30717068374,2025-04-01T00:00:00.000Z,2025-04-30T00:00:00.000Z,Peinador,035352,035350,Disponible,estado,696421f25dd723128ad69d92,3
UZQUIANO CAROLINA CELESTE,27261997172,2030 S.R.L.,30717068374,2025-04-01T00:00:00.000Z,2025-04-30T00:00:00.000Z,Peinador,035352,035350,Disponible,estado,696423085dd723128ad69e54,11
MARMOL OCTAVIO,20436261501,2030 S.R.L.,30717068374,2025-04-01T00:00:00.000Z,2025-06-30T00:00:00.000Z,Auxiliar de Estudios,035342,035340,Disponible,estado,696422475dd723128ad69dfe,6
VILCHE MARIANELA,27372391850,2030 S.R.L.,30717068374,2025-04-01T00:00:00.000Z,2025-06-30T00:00:00.000Z,Peinador,035352,035350,Disponible,estado,6964231a5dd723128ad69e6a,17
HENRIQUEZ ALISTE CARLOS ANDRES,20924062976,2030 S.R.L.,30717068374,2025-04-01T00:00:00.000Z,2025-06-30T00:00:00.000Z,Asistente de Iluminación,035313,035312,Disponible,estado,696422645dd723128ad69e0c,2
PARRELLA MILENA LAURA,27295421296,2030 S.R.L.,30717068374,2025-04-01T00:00:00.000Z,2025-04-25T00:00:00.000Z,Operador Realizador Cinematográfico,035289,035288,Firma pendiente,estado,696423015dd723128ad69e4e,4
FETELLAN MAXIMILIANO  ANGEL,20427272134,2030 S.R.L.,30717068374,2025-04-01T00:00:00.000Z,2025-06-30T00:00:00.000Z,Asistente de cámara especializado / Grip,035340,035358,Disponible,estado,696424c05dd723128ad69f6b,7
Zamorano Matias,20406383734,2030 S.R.L.,30717068374,2025-04-01T00:00:00.000Z,2025-04-30T00:00:00.000Z,Asistente de cámara especializado / Grip,035340,035358,Disponible,estado,696423585dd723128ad69ea2,3
BRACUTO ALEJANDRO MANUEL,20326702677,2030 S.R.L.,30717068374,2025-04-01T00:00:00.000Z,2025-04-01T00:00:00.000Z,Asistente de cámara especializado / Grip,035340,035358,Disponible,estado,696424f35dd723128ad69f87,6
SOTO CINTHIA BELEN,27390593800,2030 S.R.L.,30717068374,2025-04-01T00:00:00.000Z,2025-06-30T00:00:00.000Z,Modista Realizadora,035349,035347,Disponible,estado,696424e85dd723128ad69f7b,2
AQUINO MAURICIO MARTIN,23463513929,2030 S.R.L.,30717068374,2025-04-01T00:00:00.000Z,2025-06-30T00:00:00.000Z,Asistente de Iluminación,035313,035312,Disponible,estado,696423bd5dd723128ad69ef8,2
Paccoret Guido Juan Carlos,20343959010,2030 S.R.L.,30717068374,2025-04-01T00:00:00.000Z,2025-06-30T00:00:00.000Z,Asistente de cámara especializado / Grip,035340,035358,Disponible,estado,696423c05dd723128ad69efc,18
MONTENEGRO PABLO JAVIER,20301160926,2030 S.R.L.,30717068374,2025-04-01T00:00:00.000Z,2025-06-30T00:00:00.000Z,Microfonista,035348,035346,Disponible,estado,696424925dd723128ad69f5f,2
VIGO PATRICIO FAVIO,20455805407,2030 S.R.L.,30717068374,2025-04-01T00:00:00.000Z,2025-06-30T00:00:00.000Z,Asistente de cámara especializado / Grip,035340,035358,Disponible,estado,696424bc5dd723128ad69f69,2
FERRAROTTI CANDELA AGOSTINA,27382560766,2030 S.R.L.,30717068374,2025-04-01T00:00:00.000Z,2025-04-30T00:00:00.000Z,Modista Realizadora,035349,035347,Disponible,estado,696424d65dd723128ad69f73,2
SOSTEGNO LUIS,20289103431,2030 S.R.L.,30717068374,2025-04-01T00:00:00.000Z,2025-06-30T00:00:00.000Z,Asistente de cámara especializado / Grip,035340,035358,Disponible,estado,696424d95dd723128ad69f75,2
ZOMPICCHIATTI THIAGO,20448705464,2030 S.R.L.,30717068374,2025-04-01T00:00:00.000Z,2025-06-30T00:00:00.000Z,Auxiliar de Estudios,035342,035340,Disponible,estado,696424b35dd723128ad69f65,3
HERNANDEZ DUNN FACUNDO ARIEL,20434475342,2030 S.R.L.,30717068374,2025-04-01T00:00:00.000Z,2025-06-30T00:00:00.000Z,Auxiliar de Estudios,035342,035340,Disponible,estado,696424de5dd723128ad69f78,2
PAFUNDO AGUSTIN NEHUEN,20428740603,2030 S.R.L.,30717068374,2025-04-04T00:00:00.000Z,2025-04-05T00:00:00.000Z,Asistente de cámara especializado / Grip,035340,035358,Disponible,estado,696421b05dd723128ad69d47,23
CASTRO BRIAN EMANUEL,20412923767,2030 S.R.L.,30717068374,2025-04-04T00:00:00.000Z,2025-04-10T00:00:00.000Z,Asistente de cámara especializado / Grip,035340,035358,Disponible,estado,6964237a5dd723128ad69eba,2
TIERO SERGIO DAMIAN,20327243994,2030 S.R.L.,30717068374,2025-04-04T00:00:00.000Z,2025-04-04T00:00:00.000Z,Asistente de Iluminación,035313,035312,Disponible,estado,696423de5dd723128ad69f1c,10
MANDELMAN MANUEL,20458250635,2030 S.R.L.,30717068374,2025-04-05T00:00:00.000Z,2025-04-05T00:00:00.000Z,Auxiliar de Estudios,035342,035340,Disponible,estado,6964221f5dd723128ad69dd1,0
SEITOUR NICOLAS EZEQUIEL,20377521340,2030 S.R.L.,30717068374,2025-04-05T00:00:00.000Z,2025-04-05T00:00:00.000Z,Auxiliar de Estudios,035342,035340,Disponible,estado,696422f65dd723128ad69e46,10
CERASO FACUNDO JOAQUIN,20432458467,2030 S.R.L.,30717068374,2025-04-05T00:00:00.000Z,2025-04-05T00:00:00.000Z,Asistente de cámara especializado / Grip,035340,035358,Disponible,estado,696423445dd723128ad69e90,5
CASTRO BRIAN EMANUEL,20412923767,2030 S.R.L.,30717068374,2025-04-05T00:00:00.000Z,2025-04-05T00:00:00.000Z,Asistente de cámara especializado / Grip,035340,035358,Disponible,estado,6964237a5dd723128ad69eba,3
CONZONNO SANTIAGO DANIEL,20406728421,2030 S.R.L.,30717068374,2025-04-05T00:00:00.000Z,2025-04-05T00:00:00.000Z,Microfonista,035348,035346,Disponible,estado,696423795dd723128ad69eb9,2
TIERO SERGIO DAMIAN,20327243994,2030 S.R.L.,30717068374,2025-04-05T00:00:00.000Z,2025-04-05T00:00:00.000Z,Asistente de Iluminación,035313,035312,Disponible,estado,696423de5dd723128ad69f1c,11
BRACUTO ALEJANDRO MANUEL,20326702677,2030 S.R.L.,30717068374,2025-04-05T00:00:00.000Z,2025-04-05T00:00:00.000Z,Auxiliar de Estudios,035342,035340,Disponible,estado,696424f35dd723128ad69f87,9
CHAVEZ PAZ ABRIL,27460262572,2030 S.R.L.,30717068374,2025-04-06T00:00:00.000Z,2025-04-06T00:00:00.000Z,Auxiliar de Estudios,035342,035340,Disponible,estado,6964237e5dd723128ad69ebc,12
MORINIGO RICHARD ARIEL,20444347830,2030 S.R.L.,30717068374,2025-04-06T00:00:00.000Z,2025-04-06T00:00:00.000Z,Asistente de Iluminación,035313,035312,Disponible,estado,696424ef5dd723128ad69f80,20
CASTRO BRIAN EMANUEL,20412923767,2030 S.R.L.,30717068374,2025-04-07T00:00:00.000Z,2025-04-07T00:00:00.000Z,Asistente de cámara especializado / Grip,035340,035358,Disponible,estado,6964237a5dd723128ad69eba,4
TIERO SERGIO DAMIAN,20327243994,2030 S.R.L.,30717068374,2025-04-07T00:00:00.000Z,2025-04-07T00:00:00.000Z,Asistente de Iluminación,035313,035312,Disponible,estado,696423de5dd723128ad69f1c,12
AQUINO ENZO GABRIEL,20442166987,2030 S.R.L.,30717068374,2025-04-07T00:00:00.000Z,2025-04-07T00:00:00.000Z,Asistente de Iluminación,035313,035312,Disponible,estado,696424b95dd723128ad69f68,28
RODRIGUEZ AGUSTIN EZEQUIEL,20420927062,2030 S.R.L.,30717068374,2025-04-07T00:00:00.000Z,2025-04-07T00:00:00.000Z,Asistente de Iluminación,035313,035312,Disponible,estado,696425055dd723128ad69f91,30
AGUIRRE DANIEL ALEJANDRO,20428398581,2030 S.R.L.,30717068374,2025-04-10T00:00:00.000Z,2025-04-11T00:00:00.000Z,Asistente de cámara especializado / Grip,035340,035358,Disponible,estado,6964224e5dd723128ad69e05,9
TIERO SERGIO DAMIAN,20327243994,2030 S.R.L.,30717068374,2025-04-10T00:00:00.000Z,2025-04-10T00:00:00.000Z,Asistente de Iluminación,035313,035312,Disponible,estado,696423de5dd723128ad69f1c,13
PAFUNDO AGUSTIN NEHUEN,20428740603,2030 S.R.L.,30717068374,2025-04-11T00:00:00.000Z,2025-04-11T00:00:00.000Z,Asistente de cámara especializado / Grip,035340,035358,Disponible,estado,696421b05dd723128ad69d47,24
CERASO FACUNDO JOAQUIN,20432458467,2030 S.R.L.,30717068374,2025-04-12T00:00:00.000Z,2025-04-12T00:00:00.000Z,Asistente de cámara especializado / Grip,035340,035358,Disponible,estado,696423445dd723128ad69e90,6
CONZONNO SANTIAGO DANIEL,20406728421,2030 S.R.L.,30717068374,2025-04-12T00:00:00.000Z,2025-04-12T00:00:00.000Z,Microfonista,035348,035346,Disponible,estado,696423795dd723128ad69eb9,3
TIERO SERGIO DAMIAN,20327243994,2030 S.R.L.,30717068374,2025-04-12T00:00:00.000Z,2025-04-12T00:00:00.000Z,Asistente de Iluminación,035313,035312,Disponible,estado,696423de5dd723128ad69f1c,14
MORINIGO RICHARD ARIEL,20444347830,2030 S.R.L.,30717068374,2025-04-13T00:00:00.000Z,2025-04-13T00:00:00.000Z,Asistente de Iluminación,035313,035312,Disponible,estado,696424ef5dd723128ad69f80,21
LASSIG IVAN,20443607936,2030 S.R.L.,30717068374,2025-04-14T00:00:00.000Z,2025-04-16T00:00:00.000Z,Asistente de cámara especializado / Grip,035340,035358,Disponible,estado,6964222a5dd723128ad69ddd,0
AQUINO ENZO GABRIEL,20442166987,2030 S.R.L.,30717068374,2025-04-14T00:00:00.000Z,2025-04-14T00:00:00.000Z,Asistente de Iluminación,035313,035312,Disponible,estado,696424b95dd723128ad69f68,29
MANDELMAN MANUEL,20458250635,2030 S.R.L.,30717068374,2025-04-16T00:00:00.000Z,2025-04-18T00:00:00.000Z,Auxiliar de Estudios,035342,035340,Disponible,estado,6964221f5dd723128ad69dd1,1
PAFUNDO AGUSTIN NEHUEN,20428740603,2030 S.R.L.,30717068374,2025-04-19T00:00:00.000Z,2025-04-19T00:00:00.000Z,Asistente de cámara especializado / Grip,035340,035358,Disponible,estado,696421b05dd723128ad69d47,25
SEITOUR NICOLAS EZEQUIEL,20377521340,2030 S.R.L.,30717068374,2025-04-19T00:00:00.000Z,2025-04-19T00:00:00.000Z,Auxiliar de Estudios,035342,035340,Disponible,estado,696422f65dd723128ad69e46,11
CERASO FACUNDO JOAQUIN,20432458467,2030 S.R.L.,30717068374,2025-04-19T00:00:00.000Z,2025-04-19T00:00:00.000Z,Asistente de cámara especializado / Grip,035340,035358,Disponible,estado,696423445dd723128ad69e90,7
soria xiara,234734986344,2030 S.R.L.,30717068374,2025-04-19T00:00:00.000Z,2025-04-19T00:00:00.000Z,Auxiliar de Estudios,035342,035340,Disponible,estado,696423fd5dd723128ad69f2c,11
soria xiara,234734986344,2030 S.R.L.,30717068374,2025-04-19T00:00:00.000Z,2025-04-19T00:00:00.000Z,Auxiliar de Estudios,035342,035340,Disponible,estado,696423fd5dd723128ad69f2c,12
TIERO SERGIO DAMIAN,20327243994,2030 S.R.L.,30717068374,2025-04-19T00:00:00.000Z,2025-04-19T00:00:00.000Z,Asistente de Iluminación,035313,035312,Disponible,estado,696423de5dd723128ad69f1c,15
FUNEZ JULIO RAMON AURELIO,20216305052,2030 S.R.L.,30717068374,2025-04-19T00:00:00.000Z,2025-04-19T00:00:00.000Z,Microfonista,035348,035346,Disponible,estado,696423d65dd723128ad69f13,21
MORINIGO RICHARD ARIEL,20444347830,2030 S.R.L.,30717068374,2025-04-20T00:00:00.000Z,2025-04-20T00:00:00.000Z,Asistente de Iluminación,035313,035312,Disponible,estado,696424ef5dd723128ad69f80,22
BUSTOS LUNA LAUTARO,20414312773,2030 S.R.L.,30717068374,2025-04-21T00:00:00.000Z,2025-04-25T00:00:00.000Z,Modista Realizadora,035349,035347,Disponible,estado,696422215dd723128ad69dd4,1
CONZONNO SANTIAGO DANIEL,20406728421,2030 S.R.L.,30717068374,2025-04-21T00:00:00.000Z,2025-05-04T00:00:00.000Z,Microfonista,035348,035346,Disponible,estado,696423795dd723128ad69eb9,4
TIERO SERGIO DAMIAN,20327243994,2030 S.R.L.,30717068374,2025-04-21T00:00:00.000Z,2025-04-21T00:00:00.000Z,Asistente de Iluminación,035313,035312,Disponible,estado,696423de5dd723128ad69f1c,16
TIERO SERGIO DAMIAN,20327243994,2030 S.R.L.,30717068374,2025-04-21T00:00:00.000Z,2025-04-21T00:00:00.000Z,Asistente de Iluminación,035313,035312,Disponible,estado,696423de5dd723128ad69f1c,17
AQUINO ENZO GABRIEL,20442166987,2030 S.R.L.,30717068374,2025-04-21T00:00:00.000Z,2025-04-21T00:00:00.000Z,Asistente de Iluminación,035313,035312,Disponible,estado,696424b95dd723128ad69f68,30
TIERO SERGIO DAMIAN,20327243994,2030 S.R.L.,30717068374,2025-04-22T00:00:00.000Z,2025-04-22T00:00:00.000Z,Asistente de Iluminación,035313,035312,Disponible,estado,696423de5dd723128ad69f1c,18
CHAHIM MARIA FERNANDA,27326544588,2030 S.R.L.,30717068374,2025-04-23T00:00:00.000Z,2025-04-30T00:00:00.000Z,Modista Realizadora,035349,035347,Disponible,estado,696424cb5dd723128ad69f6d,4
PAFUNDO AGUSTIN NEHUEN,20428740603,2030 S.R.L.,30717068374,2025-04-25T00:00:00.000Z,2025-04-25T00:00:00.000Z,Asistente de cámara especializado / Grip,035340,035358,Disponible,estado,696421b05dd723128ad69d47,26
AGUIRRE DANIEL ALEJANDRO,20428398581,2030 S.R.L.,30717068374,2025-04-25T00:00:00.000Z,2025-04-25T00:00:00.000Z,Asistente de cámara especializado / Grip,035340,035358,Disponible,estado,6964224e5dd723128ad69e05,10
PAFUNDO AGUSTIN NEHUEN,20428740603,2030 S.R.L.,30717068374,2025-04-26T00:00:00.000Z,2025-04-26T00:00:00.000Z,Auxiliar de Estudios,035342,035340,Disponible,estado,696421b05dd723128ad69d47,40
AGUIRRE DANIEL ALEJANDRO,20428398581,2030 S.R.L.,30717068374,2025-04-26T00:00:00.000Z,2025-04-26T00:00:00.000Z,Asistente de cámara especializado / Grip,035340,035358,Disponible,estado,6964224e5dd723128ad69e05,11
CERASO FACUNDO JOAQUIN,20432458467,2030 S.R.L.,30717068374,2025-04-26T00:00:00.000Z,2025-04-26T00:00:00.000Z,Asistente de cámara especializado / Grip,035340,035358,Disponible,estado,696423445dd723128ad69e90,8
TIERO SERGIO DAMIAN,20327243994,2030 S.R.L.,30717068374,2025-04-26T00:00:00.000Z,2025-04-26T00:00:00.000Z,Asistente de Iluminación,035313,035312,Disponible,estado,696423de5dd723128ad69f1c,19
FUNEZ JULIO RAMON AURELIO,20216305052,2030 S.R.L.,30717068374,2025-04-26T00:00:00.000Z,2025-04-26T00:00:00.000Z,Microfonista,035348,035346,Disponible,estado,696423d65dd723128ad69f13,22
PAFUNDO AGUSTIN NEHUEN,20428740603,2030 S.R.L.,30717068374,2025-04-27T00:00:00.000Z,2025-04-27T00:00:00.000Z,Asistente de cámara especializado / Grip,035340,035358,Disponible,estado,696421b05dd723128ad69d47,27
AGUIRRE DANIEL ALEJANDRO,20428398581,2030 S.R.L.,30717068374,2025-04-27T00:00:00.000Z,2025-04-27T00:00:00.000Z,Utilero,035358,035356,Disponible,estado,6964224e5dd723128ad69e05,27
TIERO SERGIO DAMIAN,20327243994,2030 S.R.L.,30717068374,2025-04-27T00:00:00.000Z,2025-04-27T00:00:00.000Z,Asistente de Iluminación,035313,035312,Disponible,estado,696423de5dd723128ad69f1c,20
TIERO SERGIO DAMIAN,20327243994,2030 S.R.L.,30717068374,2025-04-27T00:00:00.000Z,2025-04-27T00:00:00.000Z,Asistente de Iluminación,035313,035312,Disponible,estado,696423de5dd723128ad69f1c,21
FUNEZ JULIO RAMON AURELIO,20216305052,2030 S.R.L.,30717068374,2025-04-27T00:00:00.000Z,2025-04-27T00:00:00.000Z,Microfonista,035348,035346,Disponible,estado,696423d65dd723128ad69f13,23
AGUIRRE DANIEL ALEJANDRO,20428398581,2030 S.R.L.,30717068374,2025-04-28T00:00:00.000Z,2025-04-29T00:00:00.000Z,Asistente de cámara especializado / Grip,035340,035358,Disponible,estado,6964224e5dd723128ad69e05,12
soria xiara,234734986344,2030 S.R.L.,30717068374,2025-04-28T00:00:00.000Z,2025-04-30T00:00:00.000Z,Auxiliar de Estudios,035342,035340,Disponible,estado,696423fd5dd723128ad69f2c,13
TIERO SERGIO DAMIAN,20327243994,2030 S.R.L.,30717068374,2025-04-28T00:00:00.000Z,2025-04-28T00:00:00.000Z,Asistente de Iluminación,035313,035312,Disponible,estado,696423de5dd723128ad69f1c,22
AQUINO ENZO GABRIEL,20442166987,2030 S.R.L.,30717068374,2025-04-28T00:00:00.000Z,2025-04-28T00:00:00.000Z,Asistente de Iluminación,035313,035312,Disponible,estado,696424b95dd723128ad69f68,31
TIERO SERGIO DAMIAN,20327243994,2030 S.R.L.,30717068374,2025-04-30T00:00:00.000Z,2025-04-30T00:00:00.000Z,Asistente de Iluminación,035313,035312,Disponible,estado,696423de5dd723128ad69f1c,23
RODRIGUEZ JORGE OSCAR,23230233659,2030 S.R.L.,30717068374,2025-05-01T00:00:00.000Z,2025-05-31T00:00:00.000Z,Peinador,035352,035350,Disponible,estado,696421f25dd723128ad69d92,4
UZQUIANO CAROLINA CELESTE,27261997172,2030 S.R.L.,30717068374,2025-05-01T00:00:00.000Z,2025-05-31T00:00:00.000Z,Peinador,035352,035350,Disponible,estado,696423085dd723128ad69e54,12
VILCHE MARIANELA,27372391850,2030 S.R.L.,30717068374,2025-05-01T00:00:00.000Z,2025-06-30T00:00:00.000Z,Peinador,035352,035350,Disponible,estado,6964231a5dd723128ad69e6a,18
Zamorano Matias,20406383734,2030 S.R.L.,30717068374,2025-05-01T00:00:00.000Z,2025-06-30T00:00:00.000Z,Asistente de cámara especializado / Grip,035340,035358,Disponible,estado,696423585dd723128ad69ea2,4
CHAHIM MARIA FERNANDA,27326544588,2030 S.R.L.,30717068374,2025-05-01T00:00:00.000Z,2025-05-31T00:00:00.000Z,Modista Realizadora,035349,035347,Disponible,estado,696424cb5dd723128ad69f6d,5
PARRELLA MILENA LAURA,27295421296,2030 S.R.L.,30717068374,2025-05-02T00:00:00.000Z,2025-05-31T00:00:00.000Z,Operador Realizador Cinematográfico,035289,035288,Disponible,estado,696423025dd723128ad69e50,0
PAFUNDO AGUSTIN NEHUEN,20428740603,2030 S.R.L.,30717068374,2025-05-03T00:00:00.000Z,2025-05-03T00:00:00.000Z,Asistente de cámara especializado / Grip,035340,035358,Disponible,estado,696421b05dd723128ad69d47,28
DAVALOS KAREN ELIZABETH,27391083202,2030 S.R.L.,30717068374,2025-05-03T00:00:00.000Z,2025-05-03T00:00:00.000Z,Microfonista,035348,035346,Disponible,estado,696422c75dd723128ad69e2e,6
CASTRO BRIAN EMANUEL,20412923767,2030 S.R.L.,30717068374,2025-05-03T00:00:00.000Z,2025-05-03T00:00:00.000Z,Asistente de cámara especializado / Grip,035340,035358,Disponible,estado,6964237a5dd723128ad69eba,5
soria xiara,234734986344,2030 S.R.L.,30717068374,2025-05-03T00:00:00.000Z,2025-05-03T00:00:00.000Z,Auxiliar de Estudios,035342,035340,Disponible,estado,696423fd5dd723128ad69f2c,14
TIERO SERGIO DAMIAN,20327243994,2030 S.R.L.,30717068374,2025-05-03T00:00:00.000Z,2025-05-03T00:00:00.000Z,Asistente de Iluminación,035313,035312,Disponible,estado,696423de5dd723128ad69f1c,24
FUNEZ JULIO RAMON AURELIO,20216305052,2030 S.R.L.,30717068374,2025-05-03T00:00:00.000Z,2025-05-03T00:00:00.000Z,Microfonista,035348,035346,Disponible,estado,696423d65dd723128ad69f13,24
CASTRO BRIAN EMANUEL,20412923767,2030 S.R.L.,30717068374,2025-05-05T00:00:00.000Z,2025-05-05T00:00:00.000Z,Asistente de cámara especializado / Grip,035340,035358,Disponible,estado,6964237a5dd723128ad69eba,6
TIERO SERGIO DAMIAN,20327243994,2030 S.R.L.,30717068374,2025-05-05T00:00:00.000Z,2025-05-05T00:00:00.000Z,Asistente de Iluminación,035313,035312,Disponible,estado,696423de5dd723128ad69f1c,25
AQUINO ENZO GABRIEL,20442166987,2030 S.R.L.,30717068374,2025-05-05T00:00:00.000Z,2025-05-05T00:00:00.000Z,Asistente de Iluminación,035313,035312,Disponible,estado,696424b95dd723128ad69f68,32
TIERO SERGIO DAMIAN,20327243994,2030 S.R.L.,30717068374,2025-05-06T00:00:00.000Z,2025-05-06T00:00:00.000Z,Asistente de Iluminación,035313,035312,Disponible,estado,696423de5dd723128ad69f1c,26
CASTRO BRIAN EMANUEL,20412923767,2030 S.R.L.,30717068374,2025-05-07T00:00:00.000Z,2025-05-08T00:00:00.000Z,Asistente de cámara especializado / Grip,035340,035358,Disponible,estado,6964237a5dd723128ad69eba,7
PAFUNDO AGUSTIN NEHUEN,20428740603,2030 S.R.L.,30717068374,2025-05-10T00:00:00.000Z,2025-05-10T00:00:00.000Z,Asistente de cámara especializado / Grip,035340,035358,Disponible,estado,696421b05dd723128ad69d47,29
AGUIRRE DANIEL ALEJANDRO,20428398581,2030 S.R.L.,30717068374,2025-05-10T00:00:00.000Z,2025-05-10T00:00:00.000Z,Asistente de cámara especializado / Grip,035340,035358,Disponible,estado,6964224e5dd723128ad69e05,13
AGUIRRE DANIEL ALEJANDRO,20428398581,2030 S.R.L.,30717068374,2025-05-10T00:00:00.000Z,2025-05-14T00:00:00.000Z,Asistente de cámara especializado / Grip,035340,035358,Disponible,estado,6964224e5dd723128ad69e05,14
SEITOUR NICOLAS EZEQUIEL,20377521340,2030 S.R.L.,30717068374,2025-05-10T00:00:00.000Z,2025-05-10T00:00:00.000Z,Auxiliar de Estudios,035342,035340,Disponible,estado,696422f65dd723128ad69e46,12
CERASO FACUNDO JOAQUIN,20432458467,2030 S.R.L.,30717068374,2025-05-10T00:00:00.000Z,2025-05-10T00:00:00.000Z,Asistente de cámara especializado / Grip,035340,035358,Disponible,estado,696423445dd723128ad69e90,9
CONZONNO SANTIAGO DANIEL,20406728421,2030 S.R.L.,30717068374,2025-05-10T00:00:00.000Z,2025-05-10T00:00:00.000Z,Microfonista,035348,035346,Disponible,estado,696423795dd723128ad69eb9,5
TIERO SERGIO DAMIAN,20327243994,2030 S.R.L.,30717068374,2025-05-10T00:00:00.000Z,2025-05-10T00:00:00.000Z,Asistente de Iluminación,035313,035312,Disponible,estado,696423de5dd723128ad69f1c,27
FUNEZ JULIO RAMON AURELIO,20216305052,2030 S.R.L.,30717068374,2025-05-10T00:00:00.000Z,2025-05-10T00:00:00.000Z,Microfonista,035348,035346,Disponible,estado,696423d65dd723128ad69f13,25
TIERO SERGIO DAMIAN,20327243994,2030 S.R.L.,30717068374,2025-05-11T00:00:00.000Z,2025-05-11T00:00:00.000Z,Asistente de Iluminación,035313,035312,Disponible,estado,696423de5dd723128ad69f1c,28
BRACAMONTE VACAFLORES GHOVANA,27929645036,2030 S.R.L.,30717068374,2025-05-12T00:00:00.000Z,2025-05-31T00:00:00.000Z,Peinador,035352,035350,Disponible,estado,6964228c5dd723128ad69e16,16
TIERO SERGIO DAMIAN,20327243994,2030 S.R.L.,30717068374,2025-05-12T00:00:00.000Z,2025-05-12T00:00:00.000Z,Asistente de Iluminación,035313,035312,Disponible,estado,696423de5dd723128ad69f1c,29
AQUINO ENZO GABRIEL,20442166987,2030 S.R.L.,30717068374,2025-05-12T00:00:00.000Z,2025-05-12T00:00:00.000Z,Asistente de Iluminación,035313,035312,Disponible,estado,696424b95dd723128ad69f68,33
TIERO SERGIO DAMIAN,20327243994,2030 S.R.L.,30717068374,2025-05-15T00:00:00.000Z,2025-05-15T00:00:00.000Z,Asistente de Iluminación,035313,035312,Disponible,estado,696423de5dd723128ad69f1c,30
PAFUNDO AGUSTIN NEHUEN,20428740603,2030 S.R.L.,30717068374,2025-05-17T00:00:00.000Z,2025-05-17T00:00:00.000Z,Asistente de cámara especializado / Grip,035340,035358,Disponible,estado,696421b05dd723128ad69d47,30
AGUIRRE DANIEL ALEJANDRO,20428398581,2030 S.R.L.,30717068374,2025-05-17T00:00:00.000Z,2025-05-17T00:00:00.000Z,Asistente de cámara especializado / Grip,035340,035358,Disponible,estado,6964224e5dd723128ad69e05,15
CONZONNO SANTIAGO DANIEL,20406728421,2030 S.R.L.,30717068374,2025-05-17T00:00:00.000Z,2025-05-17T00:00:00.000Z,Microfonista,035348,035346,Disponible,estado,696423795dd723128ad69eb9,6
TIERO SERGIO DAMIAN,20327243994,2030 S.R.L.,30717068374,2025-05-17T00:00:00.000Z,2025-05-17T00:00:00.000Z,Asistente de Iluminación,035313,035312,Disponible,estado,696423de5dd723128ad69f1c,31
AGUIRRE DANIEL ALEJANDRO,20428398581,2030 S.R.L.,30717068374,2025-05-18T00:00:00.000Z,2025-05-18T00:00:00.000Z,Asistente de cámara especializado / Grip,035340,035358,Disponible,estado,6964224e5dd723128ad69e05,16
DAVALOS KAREN ELIZABETH,27391083202,2030 S.R.L.,30717068374,2025-05-18T00:00:00.000Z,2025-05-18T00:00:00.000Z,Microfonista,035348,035346,Disponible,estado,696422c75dd723128ad69e2e,7
CASTRO BRIAN EMANUEL,20412923767,2030 S.R.L.,30717068374,2025-05-18T00:00:00.000Z,2025-05-18T00:00:00.000Z,Asistente de cámara especializado / Grip,035340,035358,Disponible,estado,6964237a5dd723128ad69eba,8
TIERO SERGIO DAMIAN,20327243994,2030 S.R.L.,30717068374,2025-05-18T00:00:00.000Z,2025-05-18T00:00:00.000Z,Asistente de Iluminación,035313,035312,Disponible,estado,696423de5dd723128ad69f1c,32
CASTRO BRIAN EMANUEL,20412923767,2030 S.R.L.,30717068374,2025-05-19T00:00:00.000Z,2025-05-19T00:00:00.000Z,Asistente de cámara especializado / Grip,035340,035358,Disponible,estado,6964237a5dd723128ad69eba,9
TIERO SERGIO DAMIAN,20327243994,2030 S.R.L.,30717068374,2025-05-19T00:00:00.000Z,2025-05-19T00:00:00.000Z,Asistente de Iluminación,035313,035312,Disponible,estado,696423de5dd723128ad69f1c,33
AQUINO ENZO GABRIEL,20442166987,2030 S.R.L.,30717068374,2025-05-19T00:00:00.000Z,2025-05-19T00:00:00.000Z,Asistente de Iluminación,035313,035312,Disponible,estado,696424b95dd723128ad69f68,34
CASTRO BRIAN EMANUEL,20412923767,2030 S.R.L.,30717068374,2025-05-22T00:00:00.000Z,2025-05-22T00:00:00.000Z,Asistente de cámara especializado / Grip,035340,035358,Disponible,estado,6964237a5dd723128ad69eba,10
TIERO SERGIO DAMIAN,20327243994,2030 S.R.L.,30717068374,2025-05-22T00:00:00.000Z,2025-05-22T00:00:00.000Z,Asistente de Iluminación,035313,035312,Disponible,estado,696423de5dd723128ad69f1c,34
soria xiara,234734986344,2030 S.R.L.,30717068374,2025-05-23T00:00:00.000Z,2025-05-27T00:00:00.000Z,Auxiliar de Estudios,035342,035340,Disponible,estado,696423fd5dd723128ad69f2c,15
PAFUNDO AGUSTIN NEHUEN,20428740603,2030 S.R.L.,30717068374,2025-05-24T00:00:00.000Z,2025-05-24T00:00:00.000Z,Asistente de cámara especializado / Grip,035340,035358,Disponible,estado,696421b05dd723128ad69d47,31
AGUIRRE DANIEL ALEJANDRO,20428398581,2030 S.R.L.,30717068374,2025-05-24T00:00:00.000Z,2025-05-24T00:00:00.000Z,Asistente de cámara especializado / Grip,035340,035358,Disponible,estado,6964224e5dd723128ad69e05,17
SEITOUR NICOLAS EZEQUIEL,20377521340,2030 S.R.L.,30717068374,2025-05-24T00:00:00.000Z,2025-05-24T00:00:00.000Z,Auxiliar de Estudios,035342,035340,Disponible,estado,696422f65dd723128ad69e46,13
CONZONNO SANTIAGO DANIEL,20406728421,2030 S.R.L.,30717068374,2025-05-24T00:00:00.000Z,2025-05-24T00:00:00.000Z,Microfonista,035348,035346,Disponible,estado,696423795dd723128ad69eb9,7
CORDOBA ALEJANDRO HUGO DAVID,20363972609,2030 S.R.L.,30717068374,2025-05-24T00:00:00.000Z,2025-05-24T00:00:00.000Z,Asistente de cámara especializado / Grip,035340,035358,Disponible,estado,696423835dd723128ad69ec0,0
TIERO SERGIO DAMIAN,20327243994,2030 S.R.L.,30717068374,2025-05-24T00:00:00.000Z,2025-05-24T00:00:00.000Z,Asistente de Iluminación,035313,035312,Disponible,estado,696423de5dd723128ad69f1c,35
TIERO SERGIO DAMIAN,20327243994,2030 S.R.L.,30717068374,2025-05-24T00:00:00.000Z,2025-05-24T00:00:00.000Z,Asistente de Iluminación,035313,035312,Disponible,estado,696423de5dd723128ad69f1c,36
TIERO SERGIO DAMIAN,20327243994,2030 S.R.L.,30717068374,2025-05-26T00:00:00.000Z,2025-05-26T00:00:00.000Z,Asistente de Iluminación,035313,035312,Disponible,estado,696423de5dd723128ad69f1c,37
AQUINO ENZO GABRIEL,20442166987,2030 S.R.L.,30717068374,2025-05-26T00:00:00.000Z,2025-05-26T00:00:00.000Z,Asistente de Iluminación,035313,035312,Disponible,estado,696424b95dd723128ad69f68,35
AAIL MAURICIO GABRIEL,20314191723,2030 S.R.L.,30717068374,2025-05-29T00:00:00.000Z,2025-05-30T00:00:00.000Z,Asistente de cámara especializado / Grip,035340,035358,Disponible,estado,696423d85dd723128ad69f16,16
PAFUNDO AGUSTIN NEHUEN,20428740603,2030 S.R.L.,30717068374,2025-05-31T00:00:00.000Z,2025-05-31T00:00:00.000Z,Asistente de cámara especializado / Grip,035340,035358,Disponible,estado,696421b05dd723128ad69d47,32
CONZONNO SANTIAGO DANIEL,20406728421,2030 S.R.L.,30717068374,2025-05-31T00:00:00.000Z,2025-05-31T00:00:00.000Z,Microfonista,035348,035346,Disponible,estado,696423795dd723128ad69eb9,8
soria xiara,234734986344,2030 S.R.L.,30717068374,2025-05-31T00:00:00.000Z,2025-05-31T00:00:00.000Z,Auxiliar de Estudios,035342,035340,Disponible,estado,696423fd5dd723128ad69f2c,16
CORDOBA ALEJANDRO HUGO DAVID,20363972609,2030 S.R.L.,30717068374,2025-05-31T00:00:00.000Z,2025-05-31T00:00:00.000Z,Asistente de cámara especializado / Grip,035340,035358,Disponible,estado,696423835dd723128ad69ec0,1
TIERO SERGIO DAMIAN,20327243994,2030 S.R.L.,30717068374,2025-05-31T00:00:00.000Z,2025-05-31T00:00:00.000Z,Asistente de Iluminación,035313,035312,Disponible,estado,696423de5dd723128ad69f1c,38
AAIL MAURICIO GABRIEL,20314191723,2030 S.R.L.,30717068374,2025-05-31T00:00:00.000Z,2025-05-31T00:00:00.000Z,Asistente de cámara especializado / Grip,035340,035358,Disponible,estado,696423d85dd723128ad69f16,17
RODRIGUEZ JORGE OSCAR,23230233659,2030 S.R.L.,30717068374,2025-06-01T00:00:00.000Z,2025-06-30T00:00:00.000Z,Peinador,035352,035350,Disponible,estado,696421f25dd723128ad69d92,5
UZQUIANO CAROLINA CELESTE,27261997172,2030 S.R.L.,30717068374,2025-06-01T00:00:00.000Z,2025-06-30T00:00:00.000Z,Peinador,035352,035350,Disponible,estado,696423085dd723128ad69e54,13
CERASO FACUNDO JOAQUIN,20432458467,2030 S.R.L.,30717068374,2025-06-01T00:00:00.000Z,2025-06-02T00:00:00.000Z,Asistente de cámara especializado / Grip,035340,035358,Disponible,estado,696423445dd723128ad69e90,10
TIERO SERGIO DAMIAN,20327243994,2030 S.R.L.,30717068374,2025-06-01T00:00:00.000Z,2025-06-01T00:00:00.000Z,Asistente de Iluminación,035313,035312,Disponible,estado,696423de5dd723128ad69f1c,39
CHAHIM MARIA FERNANDA,27326544588,2030 S.R.L.,30717068374,2025-06-01T00:00:00.000Z,2025-06-30T00:00:00.000Z,Modista Realizadora,035349,035347,Disponible,estado,696424cb5dd723128ad69f6d,6
TIERO SERGIO DAMIAN,20327243994,2030 S.R.L.,30717068374,2025-06-02T00:00:00.000Z,2025-06-02T00:00:00.000Z,Asistente de Iluminación,035313,035312,Disponible,estado,696423de5dd723128ad69f1c,40
AQUINO ENZO GABRIEL,20442166987,2030 S.R.L.,30717068374,2025-06-02T00:00:00.000Z,2025-06-02T00:00:00.000Z,Asistente de Iluminación,035313,035312,Disponible,estado,696424b95dd723128ad69f68,36
AGUIRRE DANIEL ALEJANDRO,20428398581,2030 S.R.L.,30717068374,2025-06-03T00:00:00.000Z,2025-06-03T00:00:00.000Z,Asistente de cámara especializado / Grip,035340,035358,Disponible,estado,6964224e5dd723128ad69e05,18
CHAVEZ PAZ ABRIL,27460262572,2030 S.R.L.,30717068374,2025-06-04T00:00:00.000Z,2025-06-04T00:00:00.000Z,Auxiliar de Estudios,035342,035340,Disponible,estado,6964237e5dd723128ad69ebc,13
MORINIGO RICHARD ARIEL,20444347830,2030 S.R.L.,30717068374,2025-06-04T00:00:00.000Z,2025-06-04T00:00:00.000Z,Asistente de Iluminación,035313,035312,Disponible,estado,696424ef5dd723128ad69f80,23
AGUIRRE DANIEL ALEJANDRO,20428398581,2030 S.R.L.,30717068374,2025-06-05T00:00:00.000Z,2025-06-05T00:00:00.000Z,Microfonista,035348,035346,Disponible,estado,6964224e5dd723128ad69e05,23
CASTRO BRIAN EMANUEL,20412923767,2030 S.R.L.,30717068374,2025-06-06T00:00:00.000Z,2025-06-06T00:00:00.000Z,Asistente de cámara especializado / Grip,035340,035358,Disponible,estado,6964237a5dd723128ad69eba,11
CERASO FACUNDO JOAQUIN,20432458467,2030 S.R.L.,30717068374,2025-06-07T00:00:00.000Z,2025-06-07T00:00:00.000Z,Asistente de cámara especializado / Grip,035340,035358,Disponible,estado,696423445dd723128ad69e90,11
CASTRO BRIAN EMANUEL,20412923767,2030 S.R.L.,30717068374,2025-06-07T00:00:00.000Z,2025-06-07T00:00:00.000Z,Asistente de cámara especializado / Grip,035340,035358,Disponible,estado,6964237a5dd723128ad69eba,12
CONZONNO SANTIAGO DANIEL,20406728421,2030 S.R.L.,30717068374,2025-06-07T00:00:00.000Z,2025-06-07T00:00:00.000Z,Microfonista,035348,035346,Disponible,estado,696423795dd723128ad69eb9,9
CORDOBA ALEJANDRO HUGO DAVID,20363972609,2030 S.R.L.,30717068374,2025-06-07T00:00:00.000Z,2025-06-07T00:00:00.000Z,Asistente de cámara especializado / Grip,035340,035358,Disponible,estado,696423835dd723128ad69ec0,2
TIERO SERGIO DAMIAN,20327243994,2030 S.R.L.,30717068374,2025-06-07T00:00:00.000Z,2025-06-07T00:00:00.000Z,Asistente de Iluminación,035313,035312,Disponible,estado,696423de5dd723128ad69f1c,41
AGUIRRE DANIEL ALEJANDRO,20428398581,2030 S.R.L.,30717068374,2025-06-09T00:00:00.000Z,2025-06-09T00:00:00.000Z,Asistente de cámara especializado / Grip,035340,035358,Disponible,estado,6964224e5dd723128ad69e05,19
soria xiara,234734986344,2030 S.R.L.,30717068374,2025-06-09T00:00:00.000Z,2025-06-11T00:00:00.000Z,Auxiliar de Estudios,035342,035340,Disponible,estado,696423fd5dd723128ad69f2c,17
TIERO SERGIO DAMIAN,20327243994,2030 S.R.L.,30717068374,2025-06-09T00:00:00.000Z,2025-06-09T00:00:00.000Z,Asistente de Iluminación,035313,035312,Disponible,estado,696423de5dd723128ad69f1c,42
AQUINO ENZO GABRIEL,20442166987,2030 S.R.L.,30717068374,2025-06-09T00:00:00.000Z,2025-06-09T00:00:00.000Z,Asistente de Iluminación,035313,035312,Disponible,estado,696424b95dd723128ad69f68,37
PAFUNDO AGUSTIN NEHUEN,20428740603,2030 S.R.L.,30717068374,2025-06-11T00:00:00.000Z,2025-06-11T00:00:00.000Z,Auxiliar de Estudios,035342,035340,Disponible,estado,696421b05dd723128ad69d47,41
AGUIRRE DANIEL ALEJANDRO,20428398581,2030 S.R.L.,30717068374,2025-06-11T00:00:00.000Z,2025-06-11T00:00:00.000Z,Microfonista,035348,035346,Disponible,estado,6964224e5dd723128ad69e05,24
CASTRO BRIAN EMANUEL,20412923767,2030 S.R.L.,30717068374,2025-06-11T00:00:00.000Z,2025-06-11T00:00:00.000Z,Asistente de cámara especializado / Grip,035340,035358,Disponible,estado,6964237a5dd723128ad69eba,13
TIERO SERGIO DAMIAN,20327243994,2030 S.R.L.,30717068374,2025-06-11T00:00:00.000Z,2025-06-11T00:00:00.000Z,Asistente de Iluminación,035313,035312,Disponible,estado,696423de5dd723128ad69f1c,43
AGUIRRE DANIEL ALEJANDRO,20428398581,2030 S.R.L.,30717068374,2025-06-12T00:00:00.000Z,2025-06-12T00:00:00.000Z,Asistente de cámara especializado / Grip,035340,035358,Disponible,estado,6964224e5dd723128ad69e05,20
PAFUNDO AGUSTIN NEHUEN,20428740603,2030 S.R.L.,30717068374,2025-06-13T00:00:00.000Z,2025-06-13T00:00:00.000Z,Asistente de cámara especializado / Grip,035340,035358,Disponible,estado,696421b05dd723128ad69d47,33
ONNA GIANLUCA,20419171736,2030 S.R.L.,30717068374,2025-06-14T00:00:00.000Z,2025-06-14T00:00:00.000Z,Asistente de cámara especializado / Grip,035340,035358,Disponible,estado,696421c45dd723128ad69d5b,0
PAFUNDO AGUSTIN NEHUEN,20428740603,2030 S.R.L.,30717068374,2025-06-14T00:00:00.000Z,2025-06-14T00:00:00.000Z,Asistente de cámara especializado / Grip,035340,035358,Disponible,estado,696421b05dd723128ad69d47,34
DAVALOS KAREN ELIZABETH,27391083202,2030 S.R.L.,30717068374,2025-06-14T00:00:00.000Z,2025-06-14T00:00:00.000Z,Microfonista,035348,035346,Disponible,estado,696422c75dd723128ad69e2e,8
TIERO SERGIO DAMIAN,20327243994,2030 S.R.L.,30717068374,2025-06-14T00:00:00.000Z,2025-06-14T00:00:00.000Z,Asistente de Iluminación,035313,035312,Disponible,estado,696423de5dd723128ad69f1c,44
AGUIRRE DANIEL ALEJANDRO,20428398581,2030 S.R.L.,30717068374,2025-06-15T00:00:00.000Z,2025-06-20T00:00:00.000Z,Asistente de cámara especializado / Grip,035340,035358,Disponible,estado,6964224e5dd723128ad69e05,21
AGUIRRE DANIEL ALEJANDRO,20428398581,2030 S.R.L.,30717068374,2025-06-15T00:00:00.000Z,2025-06-15T00:00:00.000Z,Microfonista,035348,035346,Disponible,estado,6964224e5dd723128ad69e05,25
CASTRO BRIAN EMANUEL,20412923767,2030 S.R.L.,30717068374,2025-06-15T00:00:00.000Z,2025-06-15T00:00:00.000Z,Asistente de cámara especializado / Grip,035340,035358,Disponible,estado,6964237a5dd723128ad69eba,14
TIERO SERGIO DAMIAN,20327243994,2030 S.R.L.,30717068374,2025-06-15T00:00:00.000Z,2025-06-15T00:00:00.000Z,Asistente de Iluminación,035313,035312,Disponible,estado,696423de5dd723128ad69f1c,45
CERASO FACUNDO JOAQUIN,20432458467,2030 S.R.L.,30717068374,2025-06-16T00:00:00.000Z,2025-06-16T00:00:00.000Z,Asistente de cámara especializado / Grip,035340,035358,Disponible,estado,696423445dd723128ad69e90,12
CHAVEZ PAZ ABRIL,27460262572,2030 S.R.L.,30717068374,2025-06-16T00:00:00.000Z,2025-06-20T00:00:00.000Z,Auxiliar de Estudios,035342,035340,Disponible,estado,6964237e5dd723128ad69ebc,14
soria xiara,234734986344,2030 S.R.L.,30717068374,2025-06-16T00:00:00.000Z,2025-06-17T00:00:00.000Z,Auxiliar de Estudios,035342,035340,Disponible,estado,696423fd5dd723128ad69f2c,18
TIERO SERGIO DAMIAN,20327243994,2030 S.R.L.,30717068374,2025-06-16T00:00:00.000Z,2025-06-16T00:00:00.000Z,Asistente de Iluminación,035313,035312,Disponible,estado,696423de5dd723128ad69f1c,46
AQUINO ENZO GABRIEL,20442166987,2030 S.R.L.,30717068374,2025-06-16T00:00:00.000Z,2025-06-16T00:00:00.000Z,Asistente de Iluminación,035313,035312,Disponible,estado,696424b95dd723128ad69f68,38
ONNA GIANLUCA,20419171736,2030 S.R.L.,30717068374,2025-06-17T00:00:00.000Z,2025-06-18T00:00:00.000Z,Asistente de cámara especializado / Grip,035340,035358,Disponible,estado,696421c45dd723128ad69d5b,1
ONNA GIANLUCA,20419171736,2030 S.R.L.,30717068374,2025-06-19T00:00:00.000Z,2025-06-19T00:00:00.000Z,Asistente de cámara especializado / Grip,035340,035358,Disponible,estado,696421c45dd723128ad69d5b,2
AGUIRRE DANIEL ALEJANDRO,20428398581,2030 S.R.L.,30717068374,2025-06-21T00:00:00.000Z,2025-06-21T00:00:00.000Z,Asistente de cámara especializado / Grip,035340,035358,Disponible,estado,6964224e5dd723128ad69e05,22
AGUIRRE DANIEL ALEJANDRO,20428398581,2030 S.R.L.,30717068374,2025-06-21T00:00:00.000Z,2025-06-21T00:00:00.000Z,Microfonista,035348,035346,Disponible,estado,6964224e5dd723128ad69e05,26
CERASO FACUNDO JOAQUIN,20432458467,2030 S.R.L.,30717068374,2025-06-21T00:00:00.000Z,2025-06-21T00:00:00.000Z,Asistente de cámara especializado / Grip,035340,035358,Disponible,estado,696423445dd723128ad69e90,13
CONZONNO SANTIAGO DANIEL,20406728421,2030 S.R.L.,30717068374,2025-06-21T00:00:00.000Z,2025-06-21T00:00:00.000Z,Microfonista,035348,035346,Disponible,estado,696423795dd723128ad69eb9,10
TIERO SERGIO DAMIAN,20327243994,2030 S.R.L.,30717068374,2025-06-21T00:00:00.000Z,2025-06-21T00:00:00.000Z,Reflectorista,035354,035352,Disponible,estado,696423de5dd723128ad69f1c,48
TIERO SERGIO DAMIAN,20327243994,2030 S.R.L.,30717068374,2025-06-22T00:00:00.000Z,2025-06-22T00:00:00.000Z,Reflectorista,035354,035352,Disponible,estado,696423de5dd723128ad69f1c,49
BUSTOS LUNA LAUTARO,20414312773,2030 S.R.L.,30717068374,2025-06-23T00:00:00.000Z,2025-06-23T00:00:00.000Z,Modista Realizadora,035349,035347,Disponible,estado,696422215dd723128ad69dd4,2
soria xiara,234734986344,2030 S.R.L.,30717068374,2025-06-23T00:00:00.000Z,2025-06-24T00:00:00.000Z,Auxiliar de Estudios,035342,035340,Disponible,estado,696423fd5dd723128ad69f2c,19
TIERO SERGIO DAMIAN,20327243994,2030 S.R.L.,30717068374,2025-06-23T00:00:00.000Z,2025-06-23T00:00:00.000Z,Asistente de Iluminación,035313,035312,Disponible,estado,696423de5dd723128ad69f1c,47
AAIL MAURICIO GABRIEL,20314191723,2030 S.R.L.,30717068374,2025-06-23T00:00:00.000Z,2025-06-23T00:00:00.000Z,Auxiliar de Estudios,035342,035340,Disponible,estado,696423d85dd723128ad69f16,27
AQUINO ENZO GABRIEL,20442166987,2030 S.R.L.,30717068374,2025-06-23T00:00:00.000Z,2025-06-23T00:00:00.000Z,Asistente de Iluminación,035313,035312,Disponible,estado,696424b95dd723128ad69f68,39
ONNA GIANLUCA,20419171736,2030 S.R.L.,30717068374,2025-06-24T00:00:00.000Z,2025-06-24T00:00:00.000Z,Asistente de cámara especializado / Grip,035340,035358,Disponible,estado,696421c45dd723128ad69d5b,3
BUSTOS LUNA LAUTARO,20414312773,2030 S.R.L.,30717068374,2025-06-24T00:00:00.000Z,2025-06-27T00:00:00.000Z,Modista Realizadora,035349,035347,Disponible,estado,696422215dd723128ad69dd4,3
AAIL MAURICIO GABRIEL,20314191723,2030 S.R.L.,30717068374,2025-06-24T00:00:00.000Z,2025-06-24T00:00:00.000Z,Asistente de cámara especializado / Grip,035340,035358,Disponible,estado,696423d85dd723128ad69f16,18
soria xiara,234734986344,2030 S.R.L.,30717068374,2025-06-25T00:00:00.000Z,2025-06-25T00:00:00.000Z,Auxiliar de Estudios,035342,035340,Disponible,estado,696423fd5dd723128ad69f2c,20
SILVA ALEJANDRO IRENEO,20334815243,2030 S.R.L.,30717068374,2025-06-26T00:00:00.000Z,2025-07-05T00:00:00.000Z,Asistente de Iluminación,035313,035312,Disponible,estado,6964237f5dd723128ad69ebd,0
PAFUNDO AGUSTIN NEHUEN,20428740603,2030 S.R.L.,30717068374,2025-06-28T00:00:00.000Z,2025-06-28T00:00:00.000Z,Asistente de cámara especializado / Grip,035340,035358,Disponible,estado,696421b05dd723128ad69d47,35
CERASO FACUNDO JOAQUIN,20432458467,2030 S.R.L.,30717068374,2025-06-28T00:00:00.000Z,2025-06-28T00:00:00.000Z,Asistente de cámara especializado / Grip,035340,035358,Disponible,estado,696423445dd723128ad69e90,14
CASTRO BRIAN EMANUEL,20412923767,2030 S.R.L.,30717068374,2025-06-28T00:00:00.000Z,2025-06-28T00:00:00.000Z,Asistente de cámara especializado / Grip,035340,035358,Disponible,estado,6964237a5dd723128ad69eba,15
CONZONNO SANTIAGO DANIEL,20406728421,2030 S.R.L.,30717068374,2025-06-28T00:00:00.000Z,2025-06-28T00:00:00.000Z,Microfonista,035348,035346,Disponible,estado,696423795dd723128ad69eb9,11
soria xiara,234734986344,2030 S.R.L.,30717068374,2025-06-28T00:00:00.000Z,2025-06-28T00:00:00.000Z,Auxiliar de Estudios,035342,035340,Disponible,estado,696423fd5dd723128ad69f2c,21
CORDOBA ALEJANDRO HUGO DAVID,20363972609,2030 S.R.L.,30717068374,2025-06-28T00:00:00.000Z,2025-06-28T00:00:00.000Z,Asistente de cámara especializado / Grip,035340,035358,Disponible,estado,696423835dd723128ad69ec0,3
PAFUNDO AGUSTIN NEHUEN,20428740603,2030 S.R.L.,30717068374,2025-06-29T00:00:00.000Z,2025-06-29T00:00:00.000Z,Asistente de cámara especializado / Grip,035340,035358,Disponible,estado,696421b05dd723128ad69d47,36
MORINIGO RICHARD ARIEL,20444347830,2030 S.R.L.,30717068374,2025-06-29T00:00:00.000Z,2025-06-29T00:00:00.000Z,Asistente de Iluminación,035313,035312,Disponible,estado,696424ef5dd723128ad69f80,24
TEMPORA JOEL ALEXIS,20379960023,2030 S.R.L.,30717068374,2025-07-01T00:00:00.000Z,2025-09-30T00:00:00.000Z,Asistente de cámara especializado / Grip,035340,035358,Disponible,estado,696421ae5dd723128ad69d45,3
RODRIGUEZ JORGE OSCAR,23230233659,2030 S.R.L.,30717068374,2025-07-01T00:00:00.000Z,2025-09-30T00:00:00.000Z,Peinador,035352,035350,Disponible,estado,696421f25dd723128ad69d92,6
UZQUIANO CAROLINA CELESTE,27261997172,2030 S.R.L.,30717068374,2025-07-01T00:00:00.000Z,2025-09-30T00:00:00.000Z,Peinador,035352,035350,Disponible,estado,696423085dd723128ad69e54,14
MARMOL OCTAVIO,20436261501,2030 S.R.L.,30717068374,2025-07-01T00:00:00.000Z,2025-09-30T00:00:00.000Z,Auxiliar de Estudios,035342,035340,Disponible,estado,696422475dd723128ad69dfe,7
VILCHE MARIANELA,27372391850,2030 S.R.L.,30717068374,2025-07-01T00:00:00.000Z,2025-09-30T00:00:00.000Z,Peinador,035352,035350,Disponible,estado,6964231a5dd723128ad69e6a,19
HENRIQUEZ ALISTE CARLOS ANDRES,20924062976,2030 S.R.L.,30717068374,2025-07-01T00:00:00.000Z,2025-09-30T00:00:00.000Z,Asistente de Iluminación,035313,035312,Disponible,estado,696422645dd723128ad69e0c,3
Zamorano Matias,20406383734,2030 S.R.L.,30717068374,2025-07-01T00:00:00.000Z,2025-09-30T00:00:00.000Z,Asistente de cámara especializado / Grip,035340,035358,Disponible,estado,696423585dd723128ad69ea2,5
CHAHIM MARIA FERNANDA,27326544588,2030 S.R.L.,30717068374,2025-07-01T00:00:00.000Z,2025-09-30T00:00:00.000Z,Modista Realizadora,035349,035347,Disponible,estado,696424cb5dd723128ad69f6d,7
SOTO CINTHIA BELEN,27390593800,2030 S.R.L.,30717068374,2025-07-01T00:00:00.000Z,2025-09-30T00:00:00.000Z,Modista Realizadora,035349,035347,Disponible,estado,696424e85dd723128ad69f7b,3
CARNEIRO LEANDRO MATIAS,20370406678,2030 S.R.L.,30717068374,2025-07-01T00:00:00.000Z,2025-09-30T00:00:00.000Z,Microfonista,035348,035346,Disponible,estado,6964243f5dd723128ad69f3e,3
AQUINO MAURICIO MARTIN,23463513929,2030 S.R.L.,30717068374,2025-07-01T00:00:00.000Z,2025-09-30T00:00:00.000Z,Asistente de Iluminación,035313,035312,Disponible,estado,696423bd5dd723128ad69ef8,3
Paccoret Guido Juan Carlos,20343959010,2030 S.R.L.,30717068374,2025-07-01T00:00:00.000Z,2025-09-30T00:00:00.000Z,Asistente de cámara especializado / Grip,035340,035358,Disponible,estado,696423c05dd723128ad69efc,19
MONTENEGRO PABLO JAVIER,20301160926,2030 S.R.L.,30717068374,2025-07-01T00:00:00.000Z,2025-09-30T00:00:00.000Z,Microfonista,035348,035346,Disponible,estado,696424925dd723128ad69f5f,3
VIGO PATRICIO FAVIO,20455805407,2030 S.R.L.,30717068374,2025-07-01T00:00:00.000Z,2025-09-30T00:00:00.000Z,Asistente de cámara especializado / Grip,035340,035358,Disponible,estado,696424bc5dd723128ad69f69,3
SOSTEGNO LUIS,20289103431,2030 S.R.L.,30717068374,2025-07-01T00:00:00.000Z,2025-09-30T00:00:00.000Z,Asistente de cámara especializado / Grip,035340,035358,Disponible,estado,696424d95dd723128ad69f75,3
ZOMPICCHIATTI THIAGO,20448705464,2030 S.R.L.,30717068374,2025-07-01T00:00:00.000Z,2025-09-30T00:00:00.000Z,Auxiliar de Estudios,035342,035340,Disponible,estado,696424b35dd723128ad69f65,4
HERNANDEZ DUNN FACUNDO ARIEL,20434475342,2030 S.R.L.,30717068374,2025-07-01T00:00:00.000Z,2025-09-30T00:00:00.000Z,Auxiliar de Estudios,035342,035340,Disponible,estado,696424de5dd723128ad69f78,3
ROMERO GABRIELA AGUEDA,27204809696,2030 S.R.L.,30717068374,2025-07-06T00:00:00.000Z,2025-07-06T00:00:00.000Z,Peinador,035352,035350,Disponible,estado,696424945dd723128ad69f60,12
DE SANTIS DAMIANO,20174524697,2030 S.R.L.,30717068374,2025-07-06T00:00:00.000Z,2025-07-06T00:00:00.000Z,Microfonista,035348,035346,Disponible,estado,696424a75dd723128ad69f63,43
FAMULARO GUIDO ENRIQUE,20308952127,2030 S.R.L.,30717068374,2025-07-10T00:00:00.000Z,2025-07-10T00:00:00.000Z,Microfonista,035348,035346,Disponible,estado,696421b35dd723128ad69d49,7
FAMULARO GUIDO ENRIQUE,20308952127,2030 S.R.L.,30717068374,2025-07-11T00:00:00.000Z,2025-07-13T00:00:00.000Z,Microfonista,035348,035346,Disponible,estado,696421b35dd723128ad69d49,8
ROMERO GABRIELA AGUEDA,27204809696,2030 S.R.L.,30717068374,2025-07-13T00:00:00.000Z,2025-07-13T00:00:00.000Z,Peinador,035352,035350,Disponible,estado,696424945dd723128ad69f60,13
DE SANTIS DAMIANO,20174524697,2030 S.R.L.,30717068374,2025-07-13T00:00:00.000Z,2025-07-13T00:00:00.000Z,Microfonista,035348,035346,Disponible,estado,696424a75dd723128ad69f63,44
ZARATE MARCOS EZEQUIEL,20281644565,2030 S.R.L.,30717068374,2025-07-14T00:00:00.000Z,2025-07-14T00:00:00.000Z,Peinador,035352,035350,Disponible,estado,6964220d5dd723128ad69db5,3
ZARATE MARCOS EZEQUIEL,20281644565,2030 S.R.L.,30717068374,2025-07-15T00:00:00.000Z,2025-07-15T00:00:00.000Z,Peinador,035352,035350,Disponible,estado,6964220d5dd723128ad69db5,4
FAMULARO GUIDO ENRIQUE,20308952127,2030 S.R.L.,30717068374,2025-07-19T00:00:00.000Z,2025-07-19T00:00:00.000Z,Microfonista,035348,035346,Disponible,estado,696421b35dd723128ad69d49,9
ZARATE MARCOS EZEQUIEL,20281644565,2030 S.R.L.,30717068374,2025-07-20T00:00:00.000Z,2025-07-21T00:00:00.000Z,Peinador,035352,035350,Disponible,estado,6964220d5dd723128ad69db5,5
ROMERO GABRIELA AGUEDA,27204809696,2030 S.R.L.,30717068374,2025-07-20T00:00:00.000Z,2025-07-20T00:00:00.000Z,Peinador,035352,035350,Disponible,estado,696424945dd723128ad69f60,14
DE SANTIS DAMIANO,20174524697,2030 S.R.L.,30717068374,2025-07-20T00:00:00.000Z,2025-07-20T00:00:00.000Z,Microfonista,035348,035346,Disponible,estado,696424a75dd723128ad69f63,45
ZARATE MARCOS EZEQUIEL,20281644565,2030 S.R.L.,30717068374,2025-07-24T00:00:00.000Z,2025-07-25T00:00:00.000Z,Peinador,035352,035350,Disponible,estado,6964220d5dd723128ad69db5,6
PAFUNDO AGUSTIN NEHUEN,20428740603,2030 S.R.L.,30717068374,2025-07-26T00:00:00.000Z,2025-07-26T00:00:00.000Z,Auxiliar de Estudios,035342,035340,Disponible,estado,696421b05dd723128ad69d47,42
PAFUNDO AGUSTIN NEHUEN,20428740603,2030 S.R.L.,30717068374,2025-07-27T00:00:00.000Z,2025-07-27T00:00:00.000Z,Auxiliar de Estudios,035342,035340,Disponible,estado,696421b05dd723128ad69d47,43
ROMERO GABRIELA AGUEDA,27204809696,2030 S.R.L.,30717068374,2025-07-27T00:00:00.000Z,2025-07-27T00:00:00.000Z,Peinador,035352,035350,Disponible,estado,696424945dd723128ad69f60,15
DE SANTIS DAMIANO,20174524697,2030 S.R.L.,30717068374,2025-07-27T00:00:00.000Z,2025-07-27T00:00:00.000Z,Microfonista,035348,035346,Disponible,estado,696424a75dd723128ad69f63,46
ZARATE MARCOS EZEQUIEL,20281644565,2030 S.R.L.,30717068374,2025-07-28T00:00:00.000Z,2025-08-01T00:00:00.000Z,Peinador,035352,035350,Disponible,estado,6964220d5dd723128ad69db5,7
GODOY JORGELINA GABRIELA,23359830394,2030 S.R.L.,30717068374,2025-07-28T00:00:00.000Z,2025-08-01T00:00:00.000Z,Peinador,035352,035350,Disponible,estado,6964231f5dd723128ad69e71,14
PEREDA MARIANA SOLEDAD,27255114099,2030 S.R.L.,30717068374,2025-07-29T00:00:00.000Z,2025-07-29T00:00:00.000Z,Peinador,035352,035350,Disponible,estado,696423e95dd723128ad69f1f,2
FAMULARO GUIDO ENRIQUE,20308952127,2030 S.R.L.,30717068374,2025-07-30T00:00:00.000Z,2025-07-31T00:00:00.000Z,Microfonista,035348,035346,Disponible,estado,696421b35dd723128ad69d49,10
ROMERO GABRIELA AGUEDA,27204809696,2030 S.R.L.,30717068374,2025-08-03T00:00:00.000Z,2025-08-03T00:00:00.000Z,Peinador,035352,035350,Disponible,estado,696424945dd723128ad69f60,16
DE SANTIS DAMIANO,20174524697,2030 S.R.L.,30717068374,2025-08-03T00:00:00.000Z,2025-08-03T00:00:00.000Z,Microfonista,035348,035346,Disponible,estado,696424a75dd723128ad69f63,47
ROMERO GABRIELA AGUEDA,27204809696,2030 S.R.L.,30717068374,2025-08-10T00:00:00.000Z,2025-08-10T00:00:00.000Z,Peinador,035352,035350,Disponible,estado,696424945dd723128ad69f60,17
DE SANTIS DAMIANO,20174524697,2030 S.R.L.,30717068374,2025-08-10T00:00:00.000Z,2025-08-10T00:00:00.000Z,Microfonista,035348,035346,Disponible,estado,696424a75dd723128ad69f63,48
CASTRO BRIAN EMANUEL,20412923767,2030 S.R.L.,30717068374,2025-08-11T00:00:00.000Z,2025-08-11T00:00:00.000Z,Asistente de cámara especializado / Grip,035340,035358,Disponible,estado,6964237a5dd723128ad69eba,16
PEREDA MARIANA SOLEDAD,27255114099,2030 S.R.L.,30717068374,2025-08-16T00:00:00.000Z,2025-08-16T00:00:00.000Z,Peinador,035352,035350,Disponible,estado,696423e95dd723128ad69f1f,3
ROMERO GABRIELA AGUEDA,27204809696,2030 S.R.L.,30717068374,2025-08-17T00:00:00.000Z,2025-08-17T00:00:00.000Z,Peinador,035352,035350,Disponible,estado,696424945dd723128ad69f60,18
DE SANTIS DAMIANO,20174524697,2030 S.R.L.,30717068374,2025-08-17T00:00:00.000Z,2025-08-17T00:00:00.000Z,Microfonista,035348,035346,Disponible,estado,696424a75dd723128ad69f63,49
FAMULARO GUIDO ENRIQUE,20308952127,2030 S.R.L.,30717068374,2025-08-24T00:00:00.000Z,2025-08-24T00:00:00.000Z,Microfonista,035348,035346,Disponible,estado,696421b35dd723128ad69d49,11
ROMERO GABRIELA AGUEDA,27204809696,2030 S.R.L.,30717068374,2025-08-24T00:00:00.000Z,2025-08-24T00:00:00.000Z,Peinador,035352,035350,Disponible,estado,696424945dd723128ad69f60,19
DE SANTIS DAMIANO,20174524697,2030 S.R.L.,30717068374,2025-08-24T00:00:00.000Z,2025-08-24T00:00:00.000Z,Microfonista,035348,035346,Disponible,estado,696424a75dd723128ad69f63,50
FAMULARO GUIDO ENRIQUE,20308952127,2030 S.R.L.,30717068374,2025-08-30T00:00:00.000Z,2025-08-30T00:00:00.000Z,Microfonista,035348,035346,Disponible,estado,696421b35dd723128ad69d49,12
ROMERO GABRIELA AGUEDA,27204809696,2030 S.R.L.,30717068374,2025-08-31T00:00:00.000Z,2025-08-31T00:00:00.000Z,Peinador,035352,035350,Disponible,estado,696424945dd723128ad69f60,20
DE SANTIS DAMIANO,20174524697,2030 S.R.L.,30717068374,2025-08-31T00:00:00.000Z,2025-08-31T00:00:00.000Z,Microfonista,035348,035346,Disponible,estado,696424a75dd723128ad69f63,51
SCHEFER THIEBEAUD AMALIA MARGARITA,27927998012,2030 S.R.L.,30717068374,2025-09-06T00:00:00.000Z,2025-09-06T00:00:00.000Z,Peinador,035352,035350,Disponible,estado,696423c95dd723128ad69f04,1
FAMULARO GUIDO ENRIQUE,20308952127,2030 S.R.L.,30717068374,2025-09-07T00:00:00.000Z,2025-09-07T00:00:00.000Z,Microfonista,035348,035346,Disponible,estado,696421b35dd723128ad69d49,13
SCHEFER THIEBEAUD AMALIA MARGARITA,27927998012,2030 S.R.L.,30717068374,2025-09-07T00:00:00.000Z,2025-09-07T00:00:00.000Z,Peinador,035352,035350,Disponible,estado,696423c95dd723128ad69f04,2
PEREDA MARIANA SOLEDAD,27255114099,2030 S.R.L.,30717068374,2025-09-07T00:00:00.000Z,2025-09-07T00:00:00.000Z,Peinador,035352,035350,Disponible,estado,696423e95dd723128ad69f1f,4
ROMERO GABRIELA AGUEDA,27204809696,2030 S.R.L.,30717068374,2025-09-07T00:00:00.000Z,2025-09-07T00:00:00.000Z,Peinador,035352,035350,Disponible,estado,696424945dd723128ad69f60,21
DE SANTIS DAMIANO,20174524697,2030 S.R.L.,30717068374,2025-09-07T00:00:00.000Z,2025-09-07T00:00:00.000Z,Microfonista,035348,035346,Disponible,estado,696424a75dd723128ad69f63,52
FAMULARO GUIDO ENRIQUE,20308952127,2030 S.R.L.,30717068374,2025-09-09T00:00:00.000Z,2025-09-09T00:00:00.000Z,Microfonista,035348,035346,Disponible,estado,696421b35dd723128ad69d49,14
SCHEFER THIEBEAUD AMALIA MARGARITA,27927998012,2030 S.R.L.,30717068374,2025-09-09T00:00:00.000Z,2025-09-11T00:00:00.000Z,Peinador,035352,035350,Disponible,estado,696423c95dd723128ad69f04,3
FAMULARO GUIDO ENRIQUE,20308952127,2030 S.R.L.,30717068374,2025-09-12T00:00:00.000Z,2025-09-13T00:00:00.000Z,Microfonista,035348,035346,Disponible,estado,696421b35dd723128ad69d49,15
MORELLI RODOLFO DANIEL,20210727397,2030 S.R.L.,30717068374,2025-09-12T00:00:00.000Z,2025-09-12T00:00:00.000Z,Peinador,035352,035350,Disponible,estado,696425095dd723128ad69f94,8
ROMERO GABRIELA AGUEDA,27204809696,2030 S.R.L.,30717068374,2025-09-14T00:00:00.000Z,2025-09-14T00:00:00.000Z,Peinador,035352,035350,Disponible,estado,696424945dd723128ad69f60,22
DE SANTIS DAMIANO,20174524697,2030 S.R.L.,30717068374,2025-09-14T00:00:00.000Z,2025-09-14T00:00:00.000Z,Microfonista,035348,035346,Disponible,estado,696424a75dd723128ad69f63,53
PARRINELLO ETHEL INES,23148850984,2030 S.R.L.,30717068374,2025-09-21T00:00:00.000Z,2025-09-21T00:00:00.000Z,Peinador,035352,035350,Disponible,estado,696421da5dd723128ad69d73,1
ROMERO GABRIELA AGUEDA,27204809696,2030 S.R.L.,30717068374,2025-09-21T00:00:00.000Z,2025-09-21T00:00:00.000Z,Peinador,035352,035350,Disponible,estado,696424945dd723128ad69f60,23
DE SANTIS DAMIANO,20174524697,2030 S.R.L.,30717068374,2025-09-21T00:00:00.000Z,2025-09-21T00:00:00.000Z,Microfonista,035348,035346,Disponible,estado,696424a75dd723128ad69f63,54
FAMULARO GUIDO ENRIQUE,20308952127,2030 S.R.L.,30717068374,2025-09-24T00:00:00.000Z,2025-09-24T00:00:00.000Z,Microfonista,035348,035346,Disponible,estado,696421b35dd723128ad69d49,16
MORELLI RODOLFO DANIEL,20210727397,2030 S.R.L.,30717068374,2025-09-25T00:00:00.000Z,2025-09-25T00:00:00.000Z,Peinador,035352,035350,Disponible,estado,696425095dd723128ad69f94,9
PARRINELLO ETHEL INES,23148850984,2030 S.R.L.,30717068374,2025-09-28T00:00:00.000Z,2025-09-28T00:00:00.000Z,Peinador,035352,035350,Disponible,estado,696421da5dd723128ad69d73,2
ROMERO GABRIELA AGUEDA,27204809696,2030 S.R.L.,30717068374,2025-09-28T00:00:00.000Z,2025-09-28T00:00:00.000Z,Peinador,035352,035350,Disponible,estado,696424945dd723128ad69f60,24
DE SANTIS DAMIANO,20174524697,2030 S.R.L.,30717068374,2025-09-28T00:00:00.000Z,2025-09-28T00:00:00.000Z,Microfonista,035348,035346,Disponible,estado,696424a75dd723128ad69f63,55
RABELLO SUSANA MABEL,27174439163,2030 S.R.L.,30717068374,2025-09-29T00:00:00.000Z,2025-09-29T00:00:00.000Z,Peinador,035352,035350,Disponible,estado,696421b65dd723128ad69d4d,2
FAMULARO GUIDO ENRIQUE,20308952127,2030 S.R.L.,30717068374,2025-09-29T00:00:00.000Z,2025-09-29T00:00:00.000Z,Microfonista,035348,035346,Disponible,estado,696421b35dd723128ad69d49,17
SWYSEN FATIMA,27446694788,2030 S.R.L.,30717068374,2025-09-29T00:00:00.000Z,2025-09-30T00:00:00.000Z,Peinador,035352,035350,Disponible,estado,696421f75dd723128ad69d99,0
TEMPORA JOEL ALEXIS,20379960023,2030 S.R.L.,30717068374,2025-10-01T00:00:00.000Z,2025-12-31T00:00:00.000Z,Asistente de cámara especializado / Grip,035340,035358,Disponible,estado,696421ae5dd723128ad69d45,4
RODRIGUEZ JORGE OSCAR,23230233659,2030 S.R.L.,30717068374,2025-10-01T00:00:00.000Z,2025-12-31T00:00:00.000Z,Peinador,035352,035350,Disponible,estado,696421f25dd723128ad69d92,7
UZQUIANO CAROLINA CELESTE,27261997172,2030 S.R.L.,30717068374,2025-10-01T00:00:00.000Z,2025-12-31T00:00:00.000Z,Peinador,035352,035350,Disponible,estado,696423085dd723128ad69e54,15
MARMOL OCTAVIO,20436261501,2030 S.R.L.,30717068374,2025-10-01T00:00:00.000Z,2025-12-31T00:00:00.000Z,Auxiliar de Estudios,035342,035340,Disponible,estado,696422475dd723128ad69dfe,8
VILCHE MARIANELA,27372391850,2030 S.R.L.,30717068374,2025-10-01T00:00:00.000Z,2025-12-31T00:00:00.000Z,Peinador,035352,035350,Disponible,estado,6964231a5dd723128ad69e6a,20
HENRIQUEZ ALISTE CARLOS ANDRES,20924062976,2030 S.R.L.,30717068374,2025-10-01T00:00:00.000Z,2025-12-31T00:00:00.000Z,Asistente de Iluminación,035313,035312,Disponible,estado,696422645dd723128ad69e0c,4
Zamorano Matias,20406383734,2030 S.R.L.,30717068374,2025-10-01T00:00:00.000Z,2025-12-31T00:00:00.000Z,Asistente de cámara especializado / Grip,035340,035358,Disponible,estado,696423585dd723128ad69ea2,6
MORELLI RODOLFO DANIEL,20210727397,2030 S.R.L.,30717068374,2025-10-01T00:00:00.000Z,2025-10-01T00:00:00.000Z,Peinador,035352,035350,Disponible,estado,696425095dd723128ad69f94,10
CHAHIM MARIA FERNANDA,27326544588,2030 S.R.L.,30717068374,2025-10-01T00:00:00.000Z,2025-12-31T00:00:00.000Z,Modista Realizadora,035349,035347,Disponible,estado,696424cb5dd723128ad69f6d,8
SOTO CINTHIA BELEN,27390593800,2030 S.R.L.,30717068374,2025-10-01T00:00:00.000Z,2025-12-31T00:00:00.000Z,Modista Realizadora,035349,035347,Disponible,estado,696424e85dd723128ad69f7b,4
CARNEIRO LEANDRO MATIAS,20370406678,2030 S.R.L.,30717068374,2025-10-01T00:00:00.000Z,2025-12-31T00:00:00.000Z,Microfonista,035348,035346,Disponible,estado,6964243f5dd723128ad69f3e,4
AQUINO MAURICIO MARTIN,23463513929,2030 S.R.L.,30717068374,2025-10-01T00:00:00.000Z,2025-12-31T00:00:00.000Z,Asistente de Iluminación,035313,035312,Disponible,estado,696423bd5dd723128ad69ef8,4
Paccoret Guido Juan Carlos,20343959010,2030 S.R.L.,30717068374,2025-10-01T00:00:00.000Z,2025-12-31T00:00:00.000Z,Asistente de cámara especializado / Grip,035340,035358,Disponible,estado,696423c05dd723128ad69efc,20
MONTENEGRO PABLO JAVIER,20301160926,2030 S.R.L.,30717068374,2025-10-01T00:00:00.000Z,2025-12-31T00:00:00.000Z,Microfonista,035348,035346,Disponible,estado,696424925dd723128ad69f5f,4
VIGO PATRICIO FAVIO,20455805407,2030 S.R.L.,30717068374,2025-10-01T00:00:00.000Z,2025-12-31T00:00:00.000Z,Asistente de cámara especializado / Grip,035340,035358,Disponible,estado,696424bc5dd723128ad69f69,4
SOSTEGNO LUIS,20289103431,2030 S.R.L.,30717068374,2025-10-01T00:00:00.000Z,2025-12-31T00:00:00.000Z,Asistente de cámara especializado / Grip,035340,035358,Disponible,estado,696424d95dd723128ad69f75,4
ZOMPICCHIATTI THIAGO,20448705464,2030 S.R.L.,30717068374,2025-10-01T00:00:00.000Z,2025-12-31T00:00:00.000Z,Auxiliar de Estudios,035342,035340,Disponible,estado,696424b35dd723128ad69f65,5
HERNANDEZ DUNN FACUNDO ARIEL,20434475342,2030 S.R.L.,30717068374,2025-10-01T00:00:00.000Z,2025-12-31T00:00:00.000Z,Auxiliar de Estudios,035342,035340,Disponible,estado,696424de5dd723128ad69f78,4
ROMERO GABRIELA AGUEDA,27204809696,2030 S.R.L.,30717068374,2025-10-05T00:00:00.000Z,2025-10-05T00:00:00.000Z,Peinador,035352,035350,Disponible,estado,696424945dd723128ad69f60,25
DE SANTIS DAMIANO,20174524697,2030 S.R.L.,30717068374,2025-10-05T00:00:00.000Z,2025-10-05T00:00:00.000Z,Microfonista,035348,035346,Disponible,estado,696424a75dd723128ad69f63,56
ROMERO GABRIELA AGUEDA,27204809696,2030 S.R.L.,30717068374,2025-10-12T00:00:00.000Z,2025-10-12T00:00:00.000Z,Peinador,035352,035350,Disponible,estado,696424945dd723128ad69f60,26
DE SANTIS DAMIANO,20174524697,2030 S.R.L.,30717068374,2025-10-12T00:00:00.000Z,2025-10-12T00:00:00.000Z,Microfonista,035348,035346,Disponible,estado,696424a75dd723128ad69f63,57
FAMULARO GUIDO ENRIQUE,20308952127,2030 S.R.L.,30717068374,2025-10-15T00:00:00.000Z,2025-10-15T00:00:00.000Z,Microfonista,035348,035346,Disponible,estado,696421b35dd723128ad69d49,18
MORELLI RODOLFO DANIEL,20210727397,2030 S.R.L.,30717068374,2025-10-16T00:00:00.000Z,2025-10-16T00:00:00.000Z,Peinador,035352,035350,Disponible,estado,696425095dd723128ad69f94,11
DE SANTIS DAMIANO,20174524697,2030 S.R.L.,30717068374,2025-10-19T00:00:00.000Z,2025-10-19T00:00:00.000Z,Microfonista,035348,035346,Disponible,estado,696424a75dd723128ad69f63,58
FAMULARO GUIDO ENRIQUE,20308952127,2030 S.R.L.,30717068374,2025-10-21T00:00:00.000Z,2025-10-21T00:00:00.000Z,Microfonista,035348,035346,Disponible,estado,696421b35dd723128ad69d49,19
FAMULARO GUIDO ENRIQUE,20308952127,2030 S.R.L.,30717068374,2025-10-25T00:00:00.000Z,2025-10-25T00:00:00.000Z,Microfonista,035348,035346,Disponible,estado,696421b35dd723128ad69d49,20
PARRINELLO ETHEL INES,23148850984,2030 S.R.L.,30717068374,2025-10-25T00:00:00.000Z,2025-10-25T00:00:00.000Z,Peinador,035352,035350,Disponible,estado,696421da5dd723128ad69d73,3
PARRINELLO ETHEL INES,23148850984,2030 S.R.L.,30717068374,2025-10-26T00:00:00.000Z,2025-10-26T00:00:00.000Z,Peinador,035352,035350,Disponible,estado,696421da5dd723128ad69d73,4
ROMERO GABRIELA AGUEDA,27204809696,2030 S.R.L.,30717068374,2025-10-26T00:00:00.000Z,2025-10-26T00:00:00.000Z,Peinador,035352,035350,Disponible,estado,696424945dd723128ad69f60,27
DE SANTIS DAMIANO,20174524697,2030 S.R.L.,30717068374,2025-10-26T00:00:00.000Z,2025-10-26T00:00:00.000Z,Microfonista,035348,035346,Disponible,estado,696424a75dd723128ad69f63,59
MORELLI RODOLFO DANIEL,20210727397,2030 S.R.L.,30717068374,2025-10-27T00:00:00.000Z,2025-10-27T00:00:00.000Z,Peinador,035352,035350,Disponible,estado,696425095dd723128ad69f94,12
FAMULARO GUIDO ENRIQUE,20308952127,2030 S.R.L.,30717068374,2025-10-28T00:00:00.000Z,2025-10-28T00:00:00.000Z,Microfonista,035348,035346,Disponible,estado,696421b35dd723128ad69d49,21
FAMULARO GUIDO ENRIQUE,20308952127,2030 S.R.L.,30717068374,2025-10-31T00:00:00.000Z,2025-10-31T00:00:00.000Z,Microfonista,035348,035346,Disponible,estado,696421b35dd723128ad69d49,22
FAMULARO GUIDO ENRIQUE,20308952127,2030 S.R.L.,30717068374,2025-11-01T00:00:00.000Z,2025-11-01T00:00:00.000Z,Microfonista,035348,035346,Disponible,estado,696421b35dd723128ad69d49,23
ROMERO GABRIELA AGUEDA,27204809696,2030 S.R.L.,30717068374,2025-11-02T00:00:00.000Z,2025-11-02T00:00:00.000Z,Peinador,035352,035350,Disponible,estado,696424945dd723128ad69f60,28
FERNANDEZ MAGALI CRISTINA,27383023098,2030 S.R.L.,30717068374,2025-11-03T00:00:00.000Z,2025-11-03T00:00:00.000Z,Peinador,035352,035350,Disponible,estado,6964222c5dd723128ad69ddf,0
MORELLI RODOLFO DANIEL,20210727397,2030 S.R.L.,30717068374,2025-11-03T00:00:00.000Z,2025-11-04T00:00:00.000Z,Peinador,035352,035350,Disponible,estado,696425095dd723128ad69f94,13
FERNANDEZ MAGALI CRISTINA,27383023098,2030 S.R.L.,30717068374,2025-11-04T00:00:00.000Z,2025-11-04T00:00:00.000Z,Peinador,035352,035350,Disponible,estado,6964222c5dd723128ad69ddf,1
PARRINELLO ETHEL INES,23148850984,2030 S.R.L.,30717068374,2025-11-05T00:00:00.000Z,2025-11-05T00:00:00.000Z,Peinador,035352,035350,Disponible,estado,696421da5dd723128ad69d73,5
DE SANTIS DAMIANO,20174524697,2030 S.R.L.,30717068374,2025-11-08T00:00:00.000Z,2025-11-08T00:00:00.000Z,Microfonista,035348,035346,Disponible,estado,696424a75dd723128ad69f63,60
FAMULARO GUIDO ENRIQUE,20308952127,2030 S.R.L.,30717068374,2025-11-09T00:00:00.000Z,2025-11-09T00:00:00.000Z,Microfonista,035348,035346,Disponible,estado,696421b35dd723128ad69d49,24
PARRINELLO ETHEL INES,23148850984,2030 S.R.L.,30717068374,2025-11-09T00:00:00.000Z,2025-11-09T00:00:00.000Z,Peinador,035352,035350,Disponible,estado,696421da5dd723128ad69d73,6
ROMERO GABRIELA AGUEDA,27204809696,2030 S.R.L.,30717068374,2025-11-09T00:00:00.000Z,2025-11-09T00:00:00.000Z,Peinador,035352,035350,Disponible,estado,696424945dd723128ad69f60,29
DE SANTIS DAMIANO,20174524697,2030 S.R.L.,30717068374,2025-11-09T00:00:00.000Z,2025-11-09T00:00:00.000Z,Microfonista,035348,035346,Disponible,estado,696424a75dd723128ad69f63,61
ROMERO GABRIELA AGUEDA,27204809696,2030 S.R.L.,30717068374,2025-11-16T00:00:00.000Z,2025-11-16T00:00:00.000Z,Peinador,035352,035350,Disponible,estado,696424945dd723128ad69f60,30
ZARATE MARCOS EZEQUIEL,20281644565,2030 S.R.L.,30717068374,2025-11-17T00:00:00.000Z,2025-11-17T00:00:00.000Z,Peinador,035352,035350,Disponible,estado,6964220d5dd723128ad69db5,8
DE SANTIS DAMIANO,20174524697,2030 S.R.L.,30717068374,2025-11-17T00:00:00.000Z,2025-11-21T00:00:00.000Z,Microfonista,035348,035346,Disponible,estado,696424a75dd723128ad69f63,62
ZARATE MARCOS EZEQUIEL,20281644565,2030 S.R.L.,30717068374,2025-11-18T00:00:00.000Z,2025-11-19T00:00:00.000Z,Peinador,035352,035350,Disponible,estado,6964220d5dd723128ad69db5,9
FAMULARO GUIDO ENRIQUE,20308952127,2030 S.R.L.,30717068374,2025-11-19T00:00:00.000Z,2025-11-21T00:00:00.000Z,Microfonista,035348,035346,Disponible,estado,696421b35dd723128ad69d49,25
PARRINELLO ETHEL INES,23148850984,2030 S.R.L.,30717068374,2025-11-20T00:00:00.000Z,2025-11-20T00:00:00.000Z,Peinador,035352,035350,Disponible,estado,696421da5dd723128ad69d73,7
FAMULARO GUIDO ENRIQUE,20308952127,2030 S.R.L.,30717068374,2025-11-23T00:00:00.000Z,2025-11-23T00:00:00.000Z,Microfonista,035348,035346,Disponible,estado,696421b35dd723128ad69d49,26
PARRINELLO ETHEL INES,23148850984,2030 S.R.L.,30717068374,2025-11-23T00:00:00.000Z,2025-11-23T00:00:00.000Z,Peinador,035352,035350,Disponible,estado,696421da5dd723128ad69d73,8
ROMERO GABRIELA AGUEDA,27204809696,2030 S.R.L.,30717068374,2025-11-23T00:00:00.000Z,2025-11-23T00:00:00.000Z,Peinador,035352,035350,Disponible,estado,696424945dd723128ad69f60,31
DE SANTIS DAMIANO,20174524697,2030 S.R.L.,30717068374,2025-11-23T00:00:00.000Z,2025-11-23T00:00:00.000Z,Microfonista,035348,035346,Disponible,estado,696424a75dd723128ad69f63,63
ZARATE MARCOS EZEQUIEL,20281644565,2030 S.R.L.,30717068374,2025-11-26T00:00:00.000Z,2025-11-28T00:00:00.000Z,Peinador,035352,035350,Disponible,estado,6964220d5dd723128ad69db5,10
PARRINELLO ETHEL INES,23148850984,2030 S.R.L.,30717068374,2025-11-27T00:00:00.000Z,2025-11-27T00:00:00.000Z,Peinador,035352,035350,Disponible,estado,696421da5dd723128ad69d73,9
ROMERO GABRIELA AGUEDA,27204809696,2030 S.R.L.,30717068374,2025-11-30T00:00:00.000Z,2025-11-30T00:00:00.000Z,Peinador,035352,035350,Disponible,estado,696424945dd723128ad69f60,32
ZARATE MARCOS EZEQUIEL,20281644565,2030 S.R.L.,30717068374,2025-12-01T00:00:00.000Z,2025-12-03T00:00:00.000Z,Peinador,035352,035350,Disponible,estado,6964220d5dd723128ad69db5,11
PARRINELLO ETHEL INES,23148850984,2030 S.R.L.,30717068374,2025-12-05T00:00:00.000Z,2025-12-05T00:00:00.000Z,Peinador,035352,035350,Disponible,estado,696421da5dd723128ad69d73,10
PARRINELLO ETHEL INES,23148850984,2030 S.R.L.,30717068374,2025-12-05T00:00:00.000Z,2025-12-05T00:00:00.000Z,Peinador,035352,035350,Disponible,estado,696421da5dd723128ad69d73,11
GODOY JORGELINA GABRIELA,23359830394,2030 S.R.L.,30717068374,2025-12-06T00:00:00.000Z,2025-12-06T00:00:00.000Z,Peinador,035352,035350,Disponible,estado,6964231f5dd723128ad69e71,15
DE SANTIS DAMIANO,20174524697,2030 S.R.L.,30717068374,2025-12-06T00:00:00.000Z,2025-12-06T00:00:00.000Z,Microfonista,035348,035346,Disponible,estado,696424a75dd723128ad69f63,64
ROMERO GABRIELA AGUEDA,27204809696,2030 S.R.L.,30717068374,2025-12-07T00:00:00.000Z,2025-12-07T00:00:00.000Z,Peinador,035352,035350,Disponible,estado,696424945dd723128ad69f60,33
DE SANTIS DAMIANO,20174524697,2030 S.R.L.,30717068374,2025-12-08T00:00:00.000Z,2025-12-12T00:00:00.000Z,Microfonista,035348,035346,Disponible,estado,696424a75dd723128ad69f63,65
ROMERO GABRIELA AGUEDA,27204809696,2030 S.R.L.,30717068374,2025-12-14T00:00:00.000Z,2025-12-14T00:00:00.000Z,Peinador,035352,035350,Disponible,estado,696424945dd723128ad69f60,34
GODOY JORGELINA GABRIELA,23359830394,2030 S.R.L.,30717068374,2025-12-15T00:00:00.000Z,2025-12-15T00:00:00.000Z,Peinador,035352,035350,Disponible,estado,6964231f5dd723128ad69e71,16
DE SANTIS DAMIANO,20174524697,2030 S.R.L.,30717068374,2025-12-18T00:00:00.000Z,2025-12-19T00:00:00.000Z,Microfonista,035348,035346,Disponible,estado,696424a75dd723128ad69f63,66
DE SANTIS DAMIANO,20174524697,2030 S.R.L.,30717068374,2025-12-20T00:00:00.000Z,2025-12-20T00:00:00.000Z,Microfonista,035348,035346,Disponible,estado,696424a75dd723128ad69f63,67
ROMERO GABRIELA AGUEDA,27204809696,2030 S.R.L.,30717068374,2025-12-21T00:00:00.000Z,2025-12-21T00:00:00.000Z,Peinador,035352,035350,Disponible,estado,696424945dd723128ad69f60,35
ZARATE MARCOS EZEQUIEL,20281644565,2030 S.R.L.,30717068374,2025-12-22T00:00:00.000Z,2026-01-04T00:00:00.000Z,Peinador,035352,035350,Disponible,estado,6964220d5dd723128ad69db5,12
ROMERO GABRIELA AGUEDA,27204809696,2030 S.R.L.,30717068374,2025-12-28T00:00:00.000Z,2025-12-28T00:00:00.000Z,Peinador,035352,035350,Disponible,estado,696424945dd723128ad69f60,36
DE SANTIS DAMIANO,20174524697,2030 S.R.L.,30717068374,2025-12-28T00:00:00.000Z,2026-01-04T00:00:00.000Z,Microfonista,035348,035346,Disponible,estado,696424a75dd723128ad69f63,68
GODOY JORGELINA GABRIELA,23359830394,2030 S.R.L.,30717068374,2025-12-29T00:00:00.000Z,2025-12-29T00:00:00.000Z,Peinador,035352,035350,Disponible,estado,6964231f5dd723128ad69e71,17
TEMPORA JOEL ALEXIS,20379960023,2030 S.R.L.,30717068374,2026-01-01T00:00:00.000Z,2026-03-31T00:00:00.000Z,Asistente de cámara especializado / Grip,035340,035358,Disponible,estado,696421ae5dd723128ad69d45,5
RODRIGUEZ JORGE OSCAR,23230233659,2030 S.R.L.,30717068374,2026-01-01T00:00:00.000Z,2026-03-31T00:00:00.000Z,Peinador,035352,035350,Disponible,estado,696421f25dd723128ad69d92,8
UZQUIANO CAROLINA CELESTE,27261997172,2030 S.R.L.,30717068374,2026-01-01T00:00:00.000Z,2026-03-31T00:00:00.000Z,Peinador,035352,035350,Disponible,estado,696423085dd723128ad69e54,16
MARMOL OCTAVIO,20436261501,2030 S.R.L.,30717068374,2026-01-01T00:00:00.000Z,2026-03-31T00:00:00.000Z,Auxiliar de Estudios,035342,035340,Disponible,estado,696422475dd723128ad69dfe,9
VILCHE MARIANELA,27372391850,2030 S.R.L.,30717068374,2026-01-01T00:00:00.000Z,2026-01-31T00:00:00.000Z,Peinador,035352,035350,Disponible,estado,6964231a5dd723128ad69e6a,21
HENRIQUEZ ALISTE CARLOS ANDRES,20924062976,2030 S.R.L.,30717068374,2026-01-01T00:00:00.000Z,2026-03-31T00:00:00.000Z,Asistente de Iluminación,035313,035312,Disponible,estado,696422645dd723128ad69e0c,5
Zamorano Matias,20406383734,2030 S.R.L.,30717068374,2026-01-01T00:00:00.000Z,2026-03-31T00:00:00.000Z,Asistente de cámara especializado / Grip,035340,035358,Disponible,estado,696423585dd723128ad69ea2,7
CHAHIM MARIA FERNANDA,27326544588,2030 S.R.L.,30717068374,2026-01-01T00:00:00.000Z,2026-03-31T00:00:00.000Z,Modista Realizadora,035349,035347,Disponible,estado,696424cb5dd723128ad69f6d,9
SOTO CINTHIA BELEN,27390593800,2030 S.R.L.,30717068374,2026-01-01T00:00:00.000Z,2026-03-31T00:00:00.000Z,Modista Realizadora,035349,035347,Disponible,estado,696424e85dd723128ad69f7b,5
CARNEIRO LEANDRO MATIAS,20370406678,2030 S.R.L.,30717068374,2026-01-01T00:00:00.000Z,2026-03-31T00:00:00.000Z,Microfonista,035348,035346,Disponible,estado,6964243f5dd723128ad69f3e,5
AQUINO MAURICIO MARTIN,23463513929,2030 S.R.L.,30717068374,2026-01-01T00:00:00.000Z,2026-03-31T00:00:00.000Z,Asistente de Iluminación,035313,035312,Disponible,estado,696423bd5dd723128ad69ef8,5
Paccoret Guido Juan Carlos,20343959010,2030 S.R.L.,30717068374,2026-01-01T00:00:00.000Z,2026-03-31T00:00:00.000Z,Asistente de cámara especializado / Grip,035340,035358,Disponible,estado,696423c05dd723128ad69efc,21
MONTENEGRO PABLO JAVIER,20301160926,2030 S.R.L.,30717068374,2026-01-01T00:00:00.000Z,2026-03-31T00:00:00.000Z,Microfonista,035348,035346,Disponible,estado,696424925dd723128ad69f5f,5
VIGO PATRICIO FAVIO,20455805407,2030 S.R.L.,30717068374,2026-01-01T00:00:00.000Z,2026-03-31T00:00:00.000Z,Asistente de cámara especializado / Grip,035340,035358,Disponible,estado,696424bc5dd723128ad69f69,5
SOSTEGNO LUIS,20289103431,2030 S.R.L.,30717068374,2026-01-01T00:00:00.000Z,2026-03-31T00:00:00.000Z,Asistente de cámara especializado / Grip,035340,035358,Disponible,estado,696424d95dd723128ad69f75,5
ZOMPICCHIATTI THIAGO,20448705464,2030 S.R.L.,30717068374,2026-01-01T00:00:00.000Z,2026-03-31T00:00:00.000Z,Auxiliar de Estudios,035342,035340,Disponible,estado,696424b35dd723128ad69f65,6
HERNANDEZ DUNN FACUNDO ARIEL,20434475342,2030 S.R.L.,30717068374,2026-01-01T00:00:00.000Z,2026-03-31T00:00:00.000Z,Auxiliar de Estudios,035342,035340,Disponible,estado,696424de5dd723128ad69f78,5
RAMPULLA FABRIZIO,23367267569,2030 S.R.L.,30717068374,2026-01-02T00:00:00.000Z,2026-01-03T00:00:00.000Z,Microfonista,035348,035346,Disponible,estado,696421ce5dd723128ad69d69,0
DE SANTIS DAMIANO,20174524697,2030 S.R.L.,30717068374,2026-01-03T00:00:00.000Z,2026-01-03T00:00:00.000Z,Microfonista,035348,035346,Disponible,estado,696424a75dd723128ad69f63,69
PARRINELLO ETHEL INES,23148850984,2030 S.R.L.,30717068374,2026-01-04T00:00:00.000Z,2026-01-04T00:00:00.000Z,Peinador,035352,035350,Disponible,estado,696421da5dd723128ad69d73,12
SWYSEN FATIMA,27446694788,2030 S.R.L.,30717068374,2026-01-04T00:00:00.000Z,2026-01-04T00:00:00.000Z,Peinador,035352,035350,Disponible,estado,696421f75dd723128ad69d99,1
ROMERO GABRIELA AGUEDA,27204809696,2030 S.R.L.,30717068374,2026-01-04T00:00:00.000Z,2026-01-04T00:00:00.000Z,Peinador,035352,035350,Disponible,estado,696424945dd723128ad69f60,37
DE SANTIS DAMIANO,20174524697,2030 S.R.L.,30717068374,2026-01-06T00:00:00.000Z,2026-01-06T00:00:00.000Z,Microfonista,035348,035346,Disponible,estado,696424a75dd723128ad69f63,70
PARRINELLO ETHEL INES,23148850984,2030 S.R.L.,30717068374,2026-01-11T00:00:00.000Z,2026-01-11T00:00:00.000Z,Peinador,035352,035350,Disponible,estado,696421da5dd723128ad69d73,29
RAFFA VICTORIA,20238045518,2030 S.R.L.,30717068374,2026-01-11T00:00:00.000Z,2026-01-11T00:00:00.000Z,Peinador,035352,035350,Firma pendiente,estado,696422e75dd723128ad69e3e,34
ROMERO GABRIELA AGUEDA,27204809696,2030 S.R.L.,30717068374,2026-01-11T00:00:00.000Z,2026-01-11T00:00:00.000Z,Peinador,035352,035350,Firma pendiente,estado,696424945dd723128ad69f60,58
DE SANTIS DAMIANO,20174524697,2030 S.R.L.,30717068374,2026-01-11T00:00:00.000Z,2026-01-11T00:00:00.000Z,Microfonista,035348,035346,Disponible,estado,696424a75dd723128ad69f63,71
ZARATE MARCOS EZEQUIEL,20281644565,2030 S.R.L.,30717068374,2026-01-12T00:00:00.000Z,2026-01-20T00:00:00.000Z,Peinador,035352,035350,Disponible,estado,6964220d5dd723128ad69db5,15
DE SANTIS DAMIANO,20174524697,2030 S.R.L.,30717068374,2026-01-12T00:00:00.000Z,2026-01-25T00:00:00.000Z,Microfonista,035348,035346,Disponible,estado,696424a75dd723128ad69f63,72
RAFFA VICTORIA,20238045518,2030 S.R.L.,30717068374,2026-01-18T00:00:00.000Z,2026-01-18T00:00:00.000Z,Peinador,035352,035350,Firma pendiente,estado,696422e75dd723128ad69e3e,35
ROMERO GABRIELA AGUEDA,27204809696,2030 S.R.L.,30717068374,2026-01-18T00:00:00.000Z,2026-01-18T00:00:00.000Z,Peinador,035352,035350,Firma pendiente,estado,696424945dd723128ad69f60,59
FAMULARO GUIDO ENRIQUE,20308952127,2030 S.R.L.,30717068374,2026-01-20T00:00:00.000Z,2026-01-20T00:00:00.000Z,Microfonista,035348,035346,Disponible,estado,696421b35dd723128ad69d49,36
RAFFA VICTORIA,20238045518,2030 S.R.L.,30717068374,2026-01-25T00:00:00.000Z,2026-01-25T00:00:00.000Z,Peinador,035352,035350,Disponible,estado,696422e75dd723128ad69e3e,16
ROMERO GABRIELA AGUEDA,27204809696,2030 S.R.L.,30717068374,2026-01-25T00:00:00.000Z,2026-01-25T00:00:00.000Z,Peinador,035352,035350,Disponible,estado,696424945dd723128ad69f60,38
RAMPULLA FABRIZIO,23367267569,2030 S.R.L.,30717068374,2026-01-26T00:00:00.000Z,2026-01-31T00:00:00.000Z,Microfonista,035348,035346,Disponible,estado,696421ce5dd723128ad69d69,1
MORELLI RODOLFO DANIEL,20210727397,2030 S.R.L.,30717068374,2026-01-27T00:00:00.000Z,2026-01-31T00:00:00.000Z,Peinador,035352,035350,Disponible,estado,696425095dd723128ad69f94,14
FAMULARO GUIDO ENRIQUE,20308952127,2030 S.R.L.,30717068374,2026-01-28T00:00:00.000Z,2026-01-28T00:00:00.000Z,Microfonista,035348,035346,Disponible,estado,696421b35dd723128ad69d49,27
FAMULARO GUIDO ENRIQUE,20308952127,2030 S.R.L.,30717068374,2026-01-30T00:00:00.000Z,2026-01-30T00:00:00.000Z,Microfonista,035348,035346,Disponible,estado,696421b35dd723128ad69d49,28
MORELLI RODOLFO DANIEL,20210727397,2030 S.R.L.,30717068374,2026-01-31T00:00:00.000Z,2026-01-31T00:00:00.000Z,Peinador,035352,035350,Disponible,estado,696425095dd723128ad69f94,15
PARRINELLO ETHEL INES,23148850984,2030 S.R.L.,30717068374,2026-02-01T00:00:00.000Z,2026-02-01T00:00:00.000Z,Peinador,035352,035350,Disponible,estado,696421da5dd723128ad69d73,13
RAFFA VICTORIA,20238045518,2030 S.R.L.,30717068374,2026-02-01T00:00:00.000Z,2026-02-01T00:00:00.000Z,Peinador,035352,035350,Disponible,estado,696422e75dd723128ad69e3e,17
ROMERO GABRIELA AGUEDA,27204809696,2030 S.R.L.,30717068374,2026-02-01T00:00:00.000Z,2026-02-01T00:00:00.000Z,Peinador,035352,035350,Disponible,estado,696424945dd723128ad69f60,39
ZARATE MARCOS EZEQUIEL,20281644565,2030 S.R.L.,30717068374,2026-02-02T00:00:00.000Z,2026-02-06T00:00:00.000Z,Peinador,035352,035350,Disponible,estado,6964220d5dd723128ad69db5,13
UZQUIANO CAROLINA CELESTE,27261997172,2030 S.R.L.,30717068374,2026-02-02T00:00:00.000Z,2026-02-02T00:00:00.000Z,Peinador,035352,035350,Disponible,estado,696423085dd723128ad69e54,17
GODOY JORGELINA GABRIELA,23359830394,2030 S.R.L.,30717068374,2026-02-02T00:00:00.000Z,2026-02-04T00:00:00.000Z,Peinador,035352,035350,Disponible,estado,6964231f5dd723128ad69e71,18
DE SANTIS DAMIANO,20174524697,2030 S.R.L.,30717068374,2026-02-02T00:00:00.000Z,2026-02-02T00:00:00.000Z,Microfonista,035348,035346,Disponible,estado,696424a75dd723128ad69f63,73
PARRINELLO ETHEL INES,23148850984,2030 S.R.L.,30717068374,2026-02-05T00:00:00.000Z,2026-02-28T00:00:00.000Z,Peinador,035352,035350,Disponible,estado,696421da5dd723128ad69d73,14
MORELLI RODOLFO DANIEL,20210727397,2030 S.R.L.,30717068374,2026-02-05T00:00:00.000Z,2026-02-06T00:00:00.000Z,Peinador,035352,035350,Disponible,estado,696425095dd723128ad69f94,16
RAFFA VICTORIA,20238045518,2030 S.R.L.,30717068374,2026-02-08T00:00:00.000Z,2026-02-08T00:00:00.000Z,Peinador,035352,035350,Disponible,estado,696422e75dd723128ad69e3e,18
ROMERO GABRIELA AGUEDA,27204809696,2030 S.R.L.,30717068374,2026-02-08T00:00:00.000Z,2026-02-08T00:00:00.000Z,Peinador,035352,035350,Disponible,estado,696424945dd723128ad69f60,40
MORELLI RODOLFO DANIEL,20210727397,2030 S.R.L.,30717068374,2026-02-08T00:00:00.000Z,2026-02-08T00:00:00.000Z,Peinador,035352,035350,Disponible,estado,696425095dd723128ad69f94,17
DE SANTIS DAMIANO,20174524697,2030 S.R.L.,30717068374,2026-02-08T00:00:00.000Z,2026-02-08T00:00:00.000Z,Microfonista,035348,035346,Disponible,estado,696424a75dd723128ad69f63,74
UZQUIANO CAROLINA CELESTE,27261997172,2030 S.R.L.,30717068374,2026-02-09T00:00:00.000Z,2026-02-09T00:00:00.000Z,Peinador,035352,035350,Disponible,estado,696423085dd723128ad69e54,18
GODOY JORGELINA GABRIELA,23359830394,2030 S.R.L.,30717068374,2026-02-09T00:00:00.000Z,2026-02-12T00:00:00.000Z,Peinador,035352,035350,Disponible,estado,6964231f5dd723128ad69e71,19
MORELLI RODOLFO DANIEL,20210727397,2030 S.R.L.,30717068374,2026-02-09T00:00:00.000Z,2026-02-18T00:00:00.000Z,Peinador,035352,035350,Disponible,estado,696425095dd723128ad69f94,18
SANABRIA JONATHAN EZEQUIEL,20385611103,2030 S.R.L.,30717068374,2026-02-09T00:00:00.000Z,2026-02-13T00:00:00.000Z,Peinador,035352,035350,Disponible,estado,6a2eba4bfeba0437c8a9b8ca,0
UZQUIANO CAROLINA CELESTE,27261997172,2030 S.R.L.,30717068374,2026-02-13T00:00:00.000Z,2026-02-13T00:00:00.000Z,Peinador,035352,035350,Disponible,estado,696423085dd723128ad69e54,19
DE SANTIS DAMIANO,20174524697,2030 S.R.L.,30717068374,2026-02-13T00:00:00.000Z,2026-02-13T00:00:00.000Z,Microfonista,035348,035346,Disponible,estado,696424a75dd723128ad69f63,75
GODOY JORGELINA GABRIELA,23359830394,2030 S.R.L.,30717068374,2026-02-14T00:00:00.000Z,2026-02-14T00:00:00.000Z,Peinador,035352,035350,Disponible,estado,6964231f5dd723128ad69e71,20
FAMULARO GUIDO ENRIQUE,20308952127,2030 S.R.L.,30717068374,2026-02-15T00:00:00.000Z,2026-02-15T00:00:00.000Z,Microfonista,035348,035346,Disponible,estado,696421b35dd723128ad69d49,29
RAFFA VICTORIA,20238045518,2030 S.R.L.,30717068374,2026-02-15T00:00:00.000Z,2026-02-15T00:00:00.000Z,Peinador,035352,035350,Disponible,estado,696422e75dd723128ad69e3e,19
ROMERO GABRIELA AGUEDA,27204809696,2030 S.R.L.,30717068374,2026-02-15T00:00:00.000Z,2026-02-15T00:00:00.000Z,Peinador,035352,035350,Disponible,estado,696424945dd723128ad69f60,41
MORELLI RODOLFO DANIEL,20210727397,2030 S.R.L.,30717068374,2026-02-15T00:00:00.000Z,2026-02-15T00:00:00.000Z,Peinador,035352,035350,Disponible,estado,696425095dd723128ad69f94,19
DE SANTIS DAMIANO,20174524697,2030 S.R.L.,30717068374,2026-02-15T00:00:00.000Z,2026-02-15T00:00:00.000Z,Microfonista,035348,035346,Disponible,estado,696424a75dd723128ad69f63,76
UZQUIANO CAROLINA CELESTE,27261997172,2030 S.R.L.,30717068374,2026-02-16T00:00:00.000Z,2026-02-16T00:00:00.000Z,Peinador,035352,035350,Disponible,estado,696423085dd723128ad69e54,20
DE SANTIS DAMIANO,20174524697,2030 S.R.L.,30717068374,2026-02-16T00:00:00.000Z,2026-02-16T00:00:00.000Z,Microfonista,035348,035346,Disponible,estado,696424a75dd723128ad69f63,77
SANABRIA JONATHAN EZEQUIEL,20385611103,2030 S.R.L.,30717068374,2026-02-16T00:00:00.000Z,2026-02-17T00:00:00.000Z,Peinador,035352,035350,Disponible,estado,6a2eba4bfeba0437c8a9b8ca,1
BECERRA SANTAMARIA DEBORA SABRINA,27274361706,2030 S.R.L.,30717068374,2026-02-18T00:00:00.000Z,2026-02-18T00:00:00.000Z,Peinador,035352,035350,Disponible,estado,6a2eb9c6feba0437c8a9b88b,0
ZARATE MARCOS EZEQUIEL,20281644565,2030 S.R.L.,30717068374,2026-02-19T00:00:00.000Z,2026-03-22T00:00:00.000Z,Peinador,035352,035350,Disponible,estado,6964220d5dd723128ad69db5,14
RAFFA VICTORIA,20238045518,2030 S.R.L.,30717068374,2026-02-22T00:00:00.000Z,2026-02-22T00:00:00.000Z,Peinador,035352,035350,Disponible,estado,696422e75dd723128ad69e3e,20
ROMERO GABRIELA AGUEDA,27204809696,2030 S.R.L.,30717068374,2026-02-22T00:00:00.000Z,2026-02-22T00:00:00.000Z,Peinador,035352,035350,Disponible,estado,696424945dd723128ad69f60,42
DE SANTIS DAMIANO,20174524697,2030 S.R.L.,30717068374,2026-02-22T00:00:00.000Z,2026-02-22T00:00:00.000Z,Microfonista,035348,035346,Disponible,estado,696424a75dd723128ad69f63,78
UZQUIANO CAROLINA CELESTE,27261997172,2030 S.R.L.,30717068374,2026-02-23T00:00:00.000Z,2026-02-23T00:00:00.000Z,Peinador,035352,035350,Disponible,estado,696423085dd723128ad69e54,21
DE SANTIS DAMIANO,20174524697,2030 S.R.L.,30717068374,2026-02-23T00:00:00.000Z,2026-03-01T00:00:00.000Z,Microfonista,035348,035346,Disponible,estado,696424a75dd723128ad69f63,79
STORNINI CLARA MARIA,27273328683,2030 S.R.L.,30717068374,2026-02-27T00:00:00.000Z,2026-02-27T00:00:00.000Z,Peinador,035352,035350,Disponible,estado,696422f75dd723128ad69e47,9
STORNINI CLARA MARIA,27273328683,2030 S.R.L.,30717068374,2026-02-28T00:00:00.000Z,2026-02-28T00:00:00.000Z,Peinador,035352,035350,Disponible,estado,696422f75dd723128ad69e47,10
DE SANTIS DAMIANO,20174524697,2030 S.R.L.,30717068374,2026-02-28T00:00:00.000Z,2026-02-28T00:00:00.000Z,Microfonista,035348,035346,Disponible,estado,696424a75dd723128ad69f63,80
FAMULARO GUIDO ENRIQUE,20308952127,2030 S.R.L.,30717068374,2026-03-01T00:00:00.000Z,2026-03-01T00:00:00.000Z,Microfonista,035348,035346,Disponible,estado,696421b35dd723128ad69d49,30
PARRINELLO ETHEL INES,23148850984,2030 S.R.L.,30717068374,2026-03-01T00:00:00.000Z,2026-03-31T00:00:00.000Z,Peinador,035352,035350,Disponible,estado,696421da5dd723128ad69d73,15
RAFFA VICTORIA,20238045518,2030 S.R.L.,30717068374,2026-03-01T00:00:00.000Z,2026-03-01T00:00:00.000Z,Peinador,035352,035350,Disponible,estado,696422e75dd723128ad69e3e,21
ROMERO GABRIELA AGUEDA,27204809696,2030 S.R.L.,30717068374,2026-03-01T00:00:00.000Z,2026-03-01T00:00:00.000Z,Peinador,035352,035350,Disponible,estado,696424945dd723128ad69f60,43
MORELLI RODOLFO DANIEL,20210727397,2030 S.R.L.,30717068374,2026-03-01T00:00:00.000Z,2026-03-31T00:00:00.000Z,Peinador,035352,035350,Disponible,estado,696425095dd723128ad69f94,20
UZQUIANO CAROLINA CELESTE,27261997172,2030 S.R.L.,30717068374,2026-03-02T00:00:00.000Z,2026-03-02T00:00:00.000Z,Peinador,035352,035350,Disponible,estado,696423085dd723128ad69e54,22
STORNINI CLARA MARIA,27273328683,2030 S.R.L.,30717068374,2026-03-03T00:00:00.000Z,2026-03-03T00:00:00.000Z,Peinador,035352,035350,Disponible,estado,696422f75dd723128ad69e47,11
FAMULARO GUIDO ENRIQUE,20308952127,2030 S.R.L.,30717068374,2026-03-08T00:00:00.000Z,2026-03-08T00:00:00.000Z,Microfonista,035348,035346,Disponible,estado,696421b35dd723128ad69d49,31
RAFFA VICTORIA,20238045518,2030 S.R.L.,30717068374,2026-03-08T00:00:00.000Z,2026-03-08T00:00:00.000Z,Peinador,035352,035350,Disponible,estado,696422e75dd723128ad69e3e,22
STORNINI CLARA MARIA,27273328683,2030 S.R.L.,30717068374,2026-03-08T00:00:00.000Z,2026-03-08T00:00:00.000Z,Peinador,035352,035350,Disponible,estado,696422f75dd723128ad69e47,12
CASTRO BRIAN EMANUEL,20412923767,2030 S.R.L.,30717068374,2026-03-08T00:00:00.000Z,2026-03-08T00:00:00.000Z,Auxiliar de Estudios,035342,035340,Disponible,estado,6964237a5dd723128ad69eba,17
ROMERO GABRIELA AGUEDA,27204809696,2030 S.R.L.,30717068374,2026-03-08T00:00:00.000Z,2026-03-08T00:00:00.000Z,Peinador,035352,035350,Disponible,estado,696424945dd723128ad69f60,44
DE SANTIS DAMIANO,20174524697,2030 S.R.L.,30717068374,2026-03-08T00:00:00.000Z,2026-03-08T00:00:00.000Z,Microfonista,035348,035346,Disponible,estado,696424a75dd723128ad69f63,81
UZQUIANO CAROLINA CELESTE,27261997172,2030 S.R.L.,30717068374,2026-03-09T00:00:00.000Z,2026-03-09T00:00:00.000Z,Peinador,035352,035350,Disponible,estado,696423085dd723128ad69e54,23
STORNINI CLARA MARIA,27273328683,2030 S.R.L.,30717068374,2026-03-09T00:00:00.000Z,2026-03-10T00:00:00.000Z,Peinador,035352,035350,Disponible,estado,696422f75dd723128ad69e47,13
UZQUIANO CAROLINA CELESTE,27261997172,2030 S.R.L.,30717068374,2026-03-10T00:00:00.000Z,2026-03-10T00:00:00.000Z,Peinador,035352,035350,Disponible,estado,696423085dd723128ad69e54,24
DE SANTIS DAMIANO,20174524697,2030 S.R.L.,30717068374,2026-03-11T00:00:00.000Z,2026-03-11T00:00:00.000Z,Microfonista,035348,035346,Disponible,estado,696424a75dd723128ad69f63,82
DE SANTIS DAMIANO,20174524697,2030 S.R.L.,30717068374,2026-03-14T00:00:00.000Z,2026-03-14T00:00:00.000Z,Microfonista,035348,035346,Disponible,estado,696424a75dd723128ad69f63,83
FAMULARO GUIDO ENRIQUE,20308952127,2030 S.R.L.,30717068374,2026-03-15T00:00:00.000Z,2026-03-15T00:00:00.000Z,Microfonista,035348,035346,Disponible,estado,696421b35dd723128ad69d49,32
RAFFA VICTORIA,20238045518,2030 S.R.L.,30717068374,2026-03-15T00:00:00.000Z,2026-03-15T00:00:00.000Z,Peinador,035352,035350,Disponible,estado,696422e75dd723128ad69e3e,23
CERASO FACUNDO JOAQUIN,20432458467,2030 S.R.L.,30717068374,2026-03-15T00:00:00.000Z,2026-03-15T00:00:00.000Z,Auxiliar de Estudios,035342,035340,Disponible,estado,696423445dd723128ad69e90,15
SCHEFER THIEBEAUD AMALIA MARGARITA,27927998012,2030 S.R.L.,30717068374,2026-03-15T00:00:00.000Z,2026-03-15T00:00:00.000Z,Peinador,035352,035350,Disponible,estado,696423c95dd723128ad69f04,4
ROMERO GABRIELA AGUEDA,27204809696,2030 S.R.L.,30717068374,2026-03-15T00:00:00.000Z,2026-03-15T00:00:00.000Z,Peinador,035352,035350,Disponible,estado,696424945dd723128ad69f60,45
UZQUIANO CAROLINA CELESTE,27261997172,2030 S.R.L.,30717068374,2026-03-16T00:00:00.000Z,2026-03-16T00:00:00.000Z,Peinador,035352,035350,Disponible,estado,696423085dd723128ad69e54,25
STORNINI CLARA MARIA,27273328683,2030 S.R.L.,30717068374,2026-03-16T00:00:00.000Z,2026-03-16T00:00:00.000Z,Peinador,035352,035350,Disponible,estado,696422f75dd723128ad69e47,14
DE SANTIS DAMIANO,20174524697,2030 S.R.L.,30717068374,2026-03-17T00:00:00.000Z,2026-03-17T00:00:00.000Z,Microfonista,035348,035346,Disponible,estado,696424a75dd723128ad69f63,84
UZQUIANO CAROLINA CELESTE,27261997172,2030 S.R.L.,30717068374,2026-03-18T00:00:00.000Z,2026-03-18T00:00:00.000Z,Peinador,035352,035350,Disponible,estado,696423085dd723128ad69e54,26
DE SANTIS DAMIANO,20174524697,2030 S.R.L.,30717068374,2026-03-18T00:00:00.000Z,2026-03-18T00:00:00.000Z,Microfonista,035348,035346,Disponible,estado,696424a75dd723128ad69f63,85
FERNANDEZ MAGALI CRISTINA,27383023098,2030 S.R.L.,30717068374,2026-03-19T00:00:00.000Z,2026-03-19T00:00:00.000Z,Peinador,035352,035350,Disponible,estado,6964222c5dd723128ad69ddf,2
UZQUIANO CAROLINA CELESTE,27261997172,2030 S.R.L.,30717068374,2026-03-19T00:00:00.000Z,2026-03-19T00:00:00.000Z,Peinador,035352,035350,Disponible,estado,696423085dd723128ad69e54,27
UZQUIANO CAROLINA CELESTE,27261997172,2030 S.R.L.,30717068374,2026-03-20T00:00:00.000Z,2026-03-20T00:00:00.000Z,Peinador,035352,035350,Disponible,estado,696423085dd723128ad69e54,28
PORRAS SANTIAGO EDRUIN DE JESUS,20958712147,2030 S.R.L.,30717068374,2026-03-20T00:00:00.000Z,2026-03-20T00:00:00.000Z,Peinador,035352,035350,Disponible,estado,6a2eb9dbfeba0437c8a9b89e,0
DE SANTIS DAMIANO,20174524697,2030 S.R.L.,30717068374,2026-03-21T00:00:00.000Z,2026-03-21T00:00:00.000Z,Microfonista,035348,035346,Disponible,estado,696424a75dd723128ad69f63,86
RAFFA VICTORIA,20238045518,2030 S.R.L.,30717068374,2026-03-22T00:00:00.000Z,2026-03-22T00:00:00.000Z,Peinador,035352,035350,Disponible,estado,696422e75dd723128ad69e3e,24
ROMERO GABRIELA AGUEDA,27204809696,2030 S.R.L.,30717068374,2026-03-22T00:00:00.000Z,2026-03-22T00:00:00.000Z,Peinador,035352,035350,Disponible,estado,696424945dd723128ad69f60,46
UZQUIANO CAROLINA CELESTE,27261997172,2030 S.R.L.,30717068374,2026-03-23T00:00:00.000Z,2026-03-23T00:00:00.000Z,Peinador,035352,035350,Disponible,estado,696423085dd723128ad69e54,29
STORNINI CLARA MARIA,27273328683,2030 S.R.L.,30717068374,2026-03-23T00:00:00.000Z,2026-03-23T00:00:00.000Z,Peinador,035352,035350,Disponible,estado,696422f75dd723128ad69e47,15
STORNINI CLARA MARIA,27273328683,2030 S.R.L.,30717068374,2026-03-25T00:00:00.000Z,2026-03-25T00:00:00.000Z,Peinador,035352,035350,Disponible,estado,696422f75dd723128ad69e47,16
STORNINI CLARA MARIA,27273328683,2030 S.R.L.,30717068374,2026-03-27T00:00:00.000Z,2026-03-27T00:00:00.000Z,Peinador,035352,035350,Disponible,estado,696422f75dd723128ad69e47,17
GODOY JORGELINA GABRIELA,23359830394,2030 S.R.L.,30717068374,2026-03-28T00:00:00.000Z,2026-03-28T00:00:00.000Z,Peinador,035352,035350,Disponible,estado,6964231f5dd723128ad69e71,21
DE SANTIS DAMIANO,20174524697,2030 S.R.L.,30717068374,2026-03-28T00:00:00.000Z,2026-03-28T00:00:00.000Z,Microfonista,035348,035346,Disponible,estado,696424a75dd723128ad69f63,87
FERREIRA IVANA VANESA,27321444992,2030 S.R.L.,30717068374,2026-03-28T00:00:00.000Z,2026-03-28T00:00:00.000Z,Peinador,035352,035350,Disponible,estado,6a2eb9defeba0437c8a9b8a3,1
RAFFA VICTORIA,20238045518,2030 S.R.L.,30717068374,2026-03-29T00:00:00.000Z,2026-03-29T00:00:00.000Z,Peinador,035352,035350,Disponible,estado,696422e75dd723128ad69e3e,25
STORNINI CLARA MARIA,27273328683,2030 S.R.L.,30717068374,2026-03-29T00:00:00.000Z,2026-03-29T00:00:00.000Z,Peinador,035352,035350,Disponible,estado,696422f75dd723128ad69e47,18
ROMERO GABRIELA AGUEDA,27204809696,2030 S.R.L.,30717068374,2026-03-29T00:00:00.000Z,2026-03-29T00:00:00.000Z,Peinador,035352,035350,Disponible,estado,696424945dd723128ad69f60,47
DE SANTIS DAMIANO,20174524697,2030 S.R.L.,30717068374,2026-03-29T00:00:00.000Z,2026-03-29T00:00:00.000Z,Microfonista,035348,035346,Disponible,estado,696424a75dd723128ad69f63,88
UZQUIANO CAROLINA CELESTE,27261997172,2030 S.R.L.,30717068374,2026-03-30T00:00:00.000Z,2026-03-30T00:00:00.000Z,Peinador,035352,035350,Disponible,estado,696423085dd723128ad69e54,30
STORNINI CLARA MARIA,27273328683,2030 S.R.L.,30717068374,2026-03-30T00:00:00.000Z,2026-03-30T00:00:00.000Z,Peinador,035352,035350,Disponible,estado,696422f75dd723128ad69e47,19
STORNINI CLARA MARIA,27273328683,2030 S.R.L.,30717068374,2026-03-30T00:00:00.000Z,2026-03-31T00:00:00.000Z,Peinador,035352,035350,Disponible,estado,696422f75dd723128ad69e47,20
HENRIQUEZ ALISTE CARLOS ANDRES,20924062976,2030 S.R.L.,30717068374,2026-04-01,2026-04-30,Asistente de Iluminación,035313,035312,Disponible,estado,696422645dd723128ad69e0c,6
AQUINO MAURICIO MARTIN,23463513929,2030 S.R.L.,30717068374,2026-04-01,2026-04-30,Asistente de Iluminación,035313,035312,Disponible,estado,696423bd5dd723128ad69ef8,6
TEMPORA JOEL ALEXIS,20379960023,2030 S.R.L.,30717068374,2026-04-01T00:00:00.000Z,2026-04-30T00:00:00.000Z,Asistente de cámara especializado / Grip,035340,035358,Disponible,estado,696421ae5dd723128ad69d45,6
RODRIGUEZ JORGE OSCAR,23230233659,2030 S.R.L.,30717068374,2026-04-01T00:00:00.000Z,2026-04-30T00:00:00.000Z,Peinador,035352,035350,Disponible,estado,696421f25dd723128ad69d92,9
MARMOL OCTAVIO,20436261501,2030 S.R.L.,30717068374,2026-04-01T00:00:00.000Z,2026-06-30T00:00:00.000Z,Auxiliar de Estudios,035342,035340,Disponible,estado,696422475dd723128ad69dfe,10
HENRIQUEZ ALISTE CARLOS ANDRES,20924062976,2030 S.R.L.,30717068374,2026-04-01T00:00:00.000Z,2026-04-30T00:00:00.000Z,Asistente de Iluminación,035313,035312,Disponible,estado,696422645dd723128ad69e0c,7
Zamorano Matias,20406383734,2030 S.R.L.,30717068374,2026-04-01T00:00:00.000Z,2026-06-30T00:00:00.000Z,Asistente de cámara especializado / Grip,035340,035358,Disponible,estado,696423585dd723128ad69ea2,8
MORELLI RODOLFO DANIEL,20210727397,2030 S.R.L.,30717068374,2026-04-01T00:00:00.000Z,2026-04-30T00:00:00.000Z,Peinador,035352,035350,Disponible,estado,696425095dd723128ad69f94,21
CHAHIM MARIA FERNANDA,27326544588,2030 S.R.L.,30717068374,2026-04-01T00:00:00.000Z,2026-06-30T00:00:00.000Z,Modista Realizadora,035349,035347,Disponible,estado,696424cb5dd723128ad69f6d,10
SOTO CINTHIA BELEN,27390593800,2030 S.R.L.,30717068374,2026-04-01T00:00:00.000Z,2026-06-30T00:00:00.000Z,Modista Realizadora,035349,035347,Disponible,estado,696424e85dd723128ad69f7b,6
CARNEIRO LEANDRO MATIAS,20370406678,2030 S.R.L.,30717068374,2026-04-01T00:00:00.000Z,2026-04-30T00:00:00.000Z,Microfonista,035348,035346,Disponible,estado,6964243f5dd723128ad69f3e,6
AQUINO MAURICIO MARTIN,23463513929,2030 S.R.L.,30717068374,2026-04-01T00:00:00.000Z,2026-04-30T00:00:00.000Z,Asistente de Iluminación,035313,035312,Disponible,estado,696423bd5dd723128ad69ef8,7
Paccoret Guido Juan Carlos,20343959010,2030 S.R.L.,30717068374,2026-04-01T00:00:00.000Z,2026-06-30T00:00:00.000Z,Asistente de cámara especializado / Grip,035340,035358,Disponible,estado,696423c05dd723128ad69efc,22
MONTENEGRO PABLO JAVIER,20301160926,2030 S.R.L.,30717068374,2026-04-01T00:00:00.000Z,2026-04-30T00:00:00.000Z,Microfonista,035348,035346,Disponible,estado,696424925dd723128ad69f5f,6
VIGO PATRICIO FAVIO,20455805407,2030 S.R.L.,30717068374,2026-04-01T00:00:00.000Z,2026-04-30T00:00:00.000Z,Asistente de cámara especializado / Grip,035340,035358,Disponible,estado,696424bc5dd723128ad69f69,6
SOSTEGNO LUIS,20289103431,2030 S.R.L.,30717068374,2026-04-01T00:00:00.000Z,2026-04-30T00:00:00.000Z,Asistente de cámara especializado / Grip,035340,035358,Disponible,estado,696424d95dd723128ad69f75,6
ZOMPICCHIATTI THIAGO,20448705464,2030 S.R.L.,30717068374,2026-04-01T00:00:00.000Z,2026-04-30T00:00:00.000Z,Auxiliar de Estudios,035342,035340,Disponible,estado,696424b35dd723128ad69f65,7
HERNANDEZ DUNN FACUNDO ARIEL,20434475342,2030 S.R.L.,30717068374,2026-04-01T00:00:00.000Z,2026-04-30T00:00:00.000Z,Auxiliar de Estudios,035342,035340,Disponible,estado,696424de5dd723128ad69f78,6
DE SANTIS DAMIANO,20174524697,2030 S.R.L.,30717068374,2026-04-02T00:00:00.000Z,2026-04-02T00:00:00.000Z,Microfonista,035348,035346,Disponible,estado,696424a75dd723128ad69f63,89
DE SANTIS DAMIANO,20174524697,2030 S.R.L.,30717068374,2026-04-04T00:00:00.000Z,2026-04-04T00:00:00.000Z,Microfonista,035348,035346,Disponible,estado,696424a75dd723128ad69f63,90
RAFFA VICTORIA,20238045518,2030 S.R.L.,30717068374,2026-04-05T00:00:00.000Z,2026-04-05T00:00:00.000Z,Peinador,035352,035350,Disponible,estado,696422e75dd723128ad69e3e,26
ROMERO GABRIELA AGUEDA,27204809696,2030 S.R.L.,30717068374,2026-04-05T00:00:00.000Z,2026-04-05T00:00:00.000Z,Peinador,035352,035350,Disponible,estado,696424945dd723128ad69f60,48
DE SANTIS DAMIANO,20174524697,2030 S.R.L.,30717068374,2026-04-05T00:00:00.000Z,2026-04-05T00:00:00.000Z,Microfonista,035348,035346,Disponible,estado,696424a75dd723128ad69f63,91
UZQUIANO CAROLINA CELESTE,27261997172,2030 S.R.L.,30717068374,2026-04-06T00:00:00.000Z,2026-04-06T00:00:00.000Z,Peinador,035352,035350,Disponible,estado,696423085dd723128ad69e54,31
STORNINI CLARA MARIA,27273328683,2030 S.R.L.,30717068374,2026-04-06T00:00:00.000Z,2026-04-06T00:00:00.000Z,Peinador,035352,035350,Disponible,estado,696422f75dd723128ad69e47,21
STORNINI CLARA MARIA,27273328683,2030 S.R.L.,30717068374,2026-04-08T00:00:00.000Z,2026-04-10T00:00:00.000Z,Peinador,035352,035350,Disponible,estado,696422f75dd723128ad69e47,22
DE SANTIS DAMIANO,20174524697,2030 S.R.L.,30717068374,2026-04-08T00:00:00.000Z,2026-04-10T00:00:00.000Z,Microfonista,035348,035346,Disponible,estado,696424a75dd723128ad69f63,92
FERREIRA IVANA VANESA,27321444992,2030 S.R.L.,30717068374,2026-04-10T00:00:00.000Z,2026-04-10T00:00:00.000Z,Peinador,035352,035350,Disponible,estado,6a2eb9defeba0437c8a9b8a3,2
UZQUIANO CAROLINA CELESTE,27261997172,2030 S.R.L.,30717068374,2026-04-11T00:00:00.000Z,2026-04-11T00:00:00.000Z,Peinador,035352,035350,Disponible,estado,696423085dd723128ad69e54,32
GODOY JORGELINA GABRIELA,23359830394,2030 S.R.L.,30717068374,2026-04-11T00:00:00.000Z,2026-04-11T00:00:00.000Z,Peinador,035352,035350,Disponible,estado,6964231f5dd723128ad69e71,22
DE SANTIS DAMIANO,20174524697,2030 S.R.L.,30717068374,2026-04-11T00:00:00.000Z,2026-04-11T00:00:00.000Z,Microfonista,035348,035346,Disponible,estado,696424a75dd723128ad69f63,93
DE SANTIS DAMIANO,20174524697,2030 S.R.L.,30717068374,2026-04-11T00:00:00.000Z,2026-04-11T00:00:00.000Z,Microfonista,035348,035346,Disponible,estado,696424a75dd723128ad69f63,94
UZQUIANO CAROLINA CELESTE,27261997172,2030 S.R.L.,30717068374,2026-04-12T00:00:00.000Z,2026-04-12T00:00:00.000Z,Peinador,035352,035350,Disponible,estado,696423085dd723128ad69e54,33
RAFFA VICTORIA,20238045518,2030 S.R.L.,30717068374,2026-04-12T00:00:00.000Z,2026-04-12T00:00:00.000Z,Peinador,035352,035350,Disponible,estado,696422e75dd723128ad69e3e,27
ROMERO GABRIELA AGUEDA,27204809696,2030 S.R.L.,30717068374,2026-04-12T00:00:00.000Z,2026-04-12T00:00:00.000Z,Peinador,035352,035350,Disponible,estado,696424945dd723128ad69f60,49
UZQUIANO CAROLINA CELESTE,27261997172,2030 S.R.L.,30717068374,2026-04-13T00:00:00.000Z,2026-04-13T00:00:00.000Z,Peinador,035352,035350,Disponible,estado,696423085dd723128ad69e54,34
GODOY JORGELINA GABRIELA,23359830394,2030 S.R.L.,30717068374,2026-04-13T00:00:00.000Z,2026-04-14T00:00:00.000Z,Peinador,035352,035350,Disponible,estado,6964231f5dd723128ad69e71,23
BALBIS CUELLO BRUNO,20945912449,2030 S.R.L.,30717068374,2026-04-14T00:00:00.000Z,2026-04-14T00:00:00.000Z,Asistente de cámara especializado / Grip,035340,035358,Disponible,estado,696421b95dd723128ad69d51,0
STORNINI CLARA MARIA,27273328683,2030 S.R.L.,30717068374,2026-04-15T00:00:00.000Z,2026-04-17T00:00:00.000Z,Peinador,035352,035350,Disponible,estado,696422f75dd723128ad69e47,23
DE SANTIS DAMIANO,20174524697,2030 S.R.L.,30717068374,2026-04-17T00:00:00.000Z,2026-04-17T00:00:00.000Z,Microfonista,035348,035346,Disponible,estado,696424a75dd723128ad69f63,95
UZQUIANO CAROLINA CELESTE,27261997172,2030 S.R.L.,30717068374,2026-04-18T00:00:00.000Z,2026-04-18T00:00:00.000Z,Peinador,035352,035350,Disponible,estado,696423085dd723128ad69e54,35
GODOY JORGELINA GABRIELA,23359830394,2030 S.R.L.,30717068374,2026-04-18T00:00:00.000Z,2026-04-18T00:00:00.000Z,Peinador,035352,035350,Disponible,estado,6964231f5dd723128ad69e71,24
DE SANTIS DAMIANO,20174524697,2030 S.R.L.,30717068374,2026-04-18T00:00:00.000Z,2026-04-18T00:00:00.000Z,Microfonista,035348,035346,Disponible,estado,696424a75dd723128ad69f63,96
FAMULARO GUIDO ENRIQUE,20308952127,2030 S.R.L.,30717068374,2026-04-19T00:00:00.000Z,2026-04-19T00:00:00.000Z,Microfonista,035348,035346,Disponible,estado,696421b35dd723128ad69d49,33
UZQUIANO CAROLINA CELESTE,27261997172,2030 S.R.L.,30717068374,2026-04-19T00:00:00.000Z,2026-04-19T00:00:00.000Z,Peinador,035352,035350,Disponible,estado,696423085dd723128ad69e54,36
RAFFA VICTORIA,20238045518,2030 S.R.L.,30717068374,2026-04-19T00:00:00.000Z,2026-04-19T00:00:00.000Z,Peinador,035352,035350,Disponible,estado,696422e75dd723128ad69e3e,28
CERASO FACUNDO JOAQUIN,20432458467,2030 S.R.L.,30717068374,2026-04-19T00:00:00.000Z,2026-04-19T00:00:00.000Z,Auxiliar de Estudios,035342,035340,Disponible,estado,696423445dd723128ad69e90,16
ROMERO GABRIELA AGUEDA,27204809696,2030 S.R.L.,30717068374,2026-04-19T00:00:00.000Z,2026-04-19T00:00:00.000Z,Peinador,035352,035350,Disponible,estado,696424945dd723128ad69f60,50
DE SANTIS DAMIANO,20174524697,2030 S.R.L.,30717068374,2026-04-19T00:00:00.000Z,2026-04-19T00:00:00.000Z,Microfonista,035348,035346,Disponible,estado,696424a75dd723128ad69f63,97
UZQUIANO CAROLINA CELESTE,27261997172,2030 S.R.L.,30717068374,2026-04-20T00:00:00.000Z,2026-04-20T00:00:00.000Z,Peinador,035352,035350,Disponible,estado,696423085dd723128ad69e54,37
GODOY JORGELINA GABRIELA,23359830394,2030 S.R.L.,30717068374,2026-04-20T00:00:00.000Z,2026-04-20T00:00:00.000Z,Peinador,035352,035350,Disponible,estado,6964231f5dd723128ad69e71,25
CASTRO BRIAN EMANUEL,20412923767,2030 S.R.L.,30717068374,2026-04-20T00:00:00.000Z,2026-04-20T00:00:00.000Z,Auxiliar de Estudios,035342,035340,Disponible,estado,6964237a5dd723128ad69eba,18
UZQUIANO CAROLINA CELESTE,27261997172,2030 S.R.L.,30717068374,2026-04-23T00:00:00.000Z,2026-04-23T00:00:00.000Z,Peinador,035352,035350,Disponible,estado,696423085dd723128ad69e54,38
DE SANTIS DAMIANO,20174524697,2030 S.R.L.,30717068374,2026-04-23T00:00:00.000Z,2026-04-23T00:00:00.000Z,Microfonista,035348,035346,Disponible,estado,696424a75dd723128ad69f63,98
DE SANTIS DAMIANO,20174524697,2030 S.R.L.,30717068374,2026-04-24T00:00:00.000Z,2026-04-24T00:00:00.000Z,Microfonista,035348,035346,Disponible,estado,696424a75dd723128ad69f63,99
UZQUIANO CAROLINA CELESTE,27261997172,2030 S.R.L.,30717068374,2026-04-25T00:00:00.000Z,2026-04-25T00:00:00.000Z,Peinador,035352,035350,Disponible,estado,696423085dd723128ad69e54,39
DE SANTIS DAMIANO,20174524697,2030 S.R.L.,30717068374,2026-04-25T00:00:00.000Z,2026-04-25T00:00:00.000Z,Microfonista,035348,035346,Disponible,estado,696424a75dd723128ad69f63,100
UZQUIANO CAROLINA CELESTE,27261997172,2030 S.R.L.,30717068374,2026-04-26T00:00:00.000Z,2026-04-26T00:00:00.000Z,Peinador,035352,035350,Disponible,estado,696423085dd723128ad69e54,40
RAFFA VICTORIA,20238045518,2030 S.R.L.,30717068374,2026-04-26T00:00:00.000Z,2026-04-26T00:00:00.000Z,Peinador,035352,035350,Disponible,estado,696422e75dd723128ad69e3e,29
CERASO FACUNDO JOAQUIN,20432458467,2030 S.R.L.,30717068374,2026-04-26T00:00:00.000Z,2026-04-26T00:00:00.000Z,Auxiliar de Estudios,035342,035340,Disponible,estado,696423445dd723128ad69e90,17
ROMERO GABRIELA AGUEDA,27204809696,2030 S.R.L.,30717068374,2026-04-26T00:00:00.000Z,2026-04-26T00:00:00.000Z,Peinador,035352,035350,Disponible,estado,696424945dd723128ad69f60,51
DE SANTIS DAMIANO,20174524697,2030 S.R.L.,30717068374,2026-04-26T00:00:00.000Z,2026-04-26T00:00:00.000Z,Microfonista,035348,035346,Disponible,estado,696424a75dd723128ad69f63,101
UZQUIANO CAROLINA CELESTE,27261997172,2030 S.R.L.,30717068374,2026-04-27T00:00:00.000Z,2026-04-27T00:00:00.000Z,Peinador,035352,035350,Disponible,estado,696423085dd723128ad69e54,41
GODOY JORGELINA GABRIELA,23359830394,2030 S.R.L.,30717068374,2026-04-27T00:00:00.000Z,2026-04-27T00:00:00.000Z,Peinador,035352,035350,Disponible,estado,6964231f5dd723128ad69e71,26
UZQUIANO CAROLINA CELESTE,27261997172,2030 S.R.L.,30717068374,2026-04-28T00:00:00.000Z,2026-04-28T00:00:00.000Z,Peinador,035352,035350,Disponible,estado,696423085dd723128ad69e54,42
GODOY JORGELINA GABRIELA,23359830394,2030 S.R.L.,30717068374,2026-04-28T00:00:00.000Z,2026-04-28T00:00:00.000Z,Peinador,035352,035350,Disponible,estado,6964231f5dd723128ad69e71,27
ARRIETA GRISELDA ESTHER,27182856377,2030 S.R.L.,30717068374,2026-04-28T00:00:00.000Z,2026-04-28T00:00:00.000Z,Peinador,035352,035350,Disponible,estado,6a2eb9e4feba0437c8a9b8a9,0
GODOY JORGELINA GABRIELA,23359830394,2030 S.R.L.,30717068374,2026-04-29T00:00:00.000Z,2026-04-29T00:00:00.000Z,Peinador,035352,035350,Disponible,estado,6964231f5dd723128ad69e71,28
DE SANTIS DAMIANO,20174524697,2030 S.R.L.,30717068374,2026-04-29T00:00:00.000Z,2026-04-29T00:00:00.000Z,Microfonista,035348,035346,Disponible,estado,696424a75dd723128ad69f63,102
MARIÑO NAIARA LUCILA,27321669358,2030 S.R.L.,30717068374,2026-04-29T00:00:00.000Z,2026-04-29T00:00:00.000Z,Peinador,035352,035350,Disponible,estado,6a2eb9e6feba0437c8a9b8ab,0
UZQUIANO CAROLINA CELESTE,27261997172,2030 S.R.L.,30717068374,2026-04-30T00:00:00.000Z,2026-04-30T00:00:00.000Z,Peinador,035352,035350,Disponible,estado,696423085dd723128ad69e54,43
PARRINELLO ETHEL INES,23148850984,2030 S.R.L.,30717068374,2026-05-01T00:00:00.000Z,2026-05-01T00:00:00.000Z,Peinador,035352,035350,Disponible,estado,696421da5dd723128ad69d73,16
UZQUIANO CAROLINA CELESTE,27261997172,2030 S.R.L.,30717068374,2026-05-01T00:00:00.000Z,2026-05-01T00:00:00.000Z,Peinador,035352,035350,Disponible,estado,696423085dd723128ad69e54,44
MORELLI RODOLFO DANIEL,20210727397,2030 S.R.L.,30717068374,2026-05-01T00:00:00.000Z,2026-05-31T00:00:00.000Z,Peinador,035352,035350,Disponible,estado,696425095dd723128ad69f94,22
CARNEIRO LEANDRO MATIAS,20370406678,2030 S.R.L.,30717068374,2026-05-01T00:00:00.000Z,,Microfonista,035348,035346,Disponible,estado,6964243f5dd723128ad69f3e,7
SOSTEGNO LUIS,20289103431,2030 S.R.L.,30717068374,2026-05-01T00:00:00.000Z,,Asistente de cámara especializado / Grip,035340,035358,Disponible,estado,696424d95dd723128ad69f75,7
ZOMPICCHIATTI THIAGO,20448705464,2030 S.R.L.,30717068374,2026-05-01T00:00:00.000Z,,Auxiliar de Estudios,035342,035340,Disponible,estado,696424b35dd723128ad69f65,8
UZQUIANO CAROLINA CELESTE,27261997172,2030 S.R.L.,30717068374,2026-05-02T00:00:00.000Z,2026-05-02T00:00:00.000Z,Peinador,035352,035350,Disponible,estado,696423085dd723128ad69e54,45
GODOY JORGELINA GABRIELA,23359830394,2030 S.R.L.,30717068374,2026-05-02T00:00:00.000Z,2026-05-02T00:00:00.000Z,Peinador,035352,035350,Disponible,estado,6964231f5dd723128ad69e71,29
DE SANTIS DAMIANO,20174524697,2030 S.R.L.,30717068374,2026-05-02T00:00:00.000Z,2026-05-02T00:00:00.000Z,Microfonista,035348,035346,Disponible,estado,696424a75dd723128ad69f63,103
UZQUIANO CAROLINA CELESTE,27261997172,2030 S.R.L.,30717068374,2026-05-03T00:00:00.000Z,2026-05-03T00:00:00.000Z,Peinador,035352,035350,Disponible,estado,696423085dd723128ad69e54,46
RAFFA VICTORIA,20238045518,2030 S.R.L.,30717068374,2026-05-03T00:00:00.000Z,2026-05-03T00:00:00.000Z,Peinador,035352,035350,Disponible,estado,696422e75dd723128ad69e3e,30
ROMERO GABRIELA AGUEDA,27204809696,2030 S.R.L.,30717068374,2026-05-03T00:00:00.000Z,2026-05-03T00:00:00.000Z,Peinador,035352,035350,Disponible,estado,696424945dd723128ad69f60,52
DE SANTIS DAMIANO,20174524697,2030 S.R.L.,30717068374,2026-05-03T00:00:00.000Z,2026-05-03T00:00:00.000Z,Microfonista,035348,035346,Disponible,estado,696424a75dd723128ad69f63,104
PARRINELLO ETHEL INES,23148850984,2030 S.R.L.,30717068374,2026-05-04T00:00:00.000Z,2026-05-16T00:00:00.000Z,Peinador,035352,035350,Disponible,estado,696421da5dd723128ad69d73,17
UZQUIANO CAROLINA CELESTE,27261997172,2030 S.R.L.,30717068374,2026-05-04T00:00:00.000Z,2026-05-08T00:00:00.000Z,Peinador,035352,035350,Disponible,estado,696423085dd723128ad69e54,47
GODOY JORGELINA GABRIELA,23359830394,2030 S.R.L.,30717068374,2026-05-04T00:00:00.000Z,2026-05-04T00:00:00.000Z,Peinador,035352,035350,Disponible,estado,6964231f5dd723128ad69e71,30
SCHEFER THIEBEAUD AMALIA MARGARITA,27927998012,2030 S.R.L.,30717068374,2026-05-04T00:00:00.000Z,2026-05-04T00:00:00.000Z,Peinador,035352,035350,Disponible,estado,696423c95dd723128ad69f04,5
GODOY JORGELINA GABRIELA,23359830394,2030 S.R.L.,30717068374,2026-05-05T00:00:00.000Z,2026-05-05T00:00:00.000Z,Peinador,035352,035350,Disponible,estado,6964231f5dd723128ad69e71,31
RODRIGUEZ JORGE OSCAR,23230233659,2030 S.R.L.,30717068374,2026-05-06T00:00:00.000Z,2026-05-31T00:00:00.000Z,Peinador,035352,035350,Disponible,estado,696421f25dd723128ad69d92,10
GODOY JORGELINA GABRIELA,23359830394,2030 S.R.L.,30717068374,2026-05-07T00:00:00.000Z,2026-05-08T00:00:00.000Z,Peinador,035352,035350,Disponible,estado,6964231f5dd723128ad69e71,32
BARRERA MINNICELLI ISAIAS NAHUEL,20378665303,2030 S.R.L.,30717068374,2026-05-07T00:00:00.000Z,2026-05-07T00:00:00.000Z,Peinador,035352,035350,Disponible,estado,6a2eb9e6feba0437c8a9b8ac,0
UZQUIANO CAROLINA CELESTE,27261997172,2030 S.R.L.,30717068374,2026-05-09T00:00:00.000Z,2026-05-09T00:00:00.000Z,Peinador,035352,035350,Disponible,estado,696423085dd723128ad69e54,48
GODOY JORGELINA GABRIELA,23359830394,2030 S.R.L.,30717068374,2026-05-09T00:00:00.000Z,2026-05-09T00:00:00.000Z,Peinador,035352,035350,Disponible,estado,6964231f5dd723128ad69e71,33
DE SANTIS DAMIANO,20174524697,2030 S.R.L.,30717068374,2026-05-09T00:00:00.000Z,2026-05-09T00:00:00.000Z,Microfonista,035348,035346,Disponible,estado,696424a75dd723128ad69f63,105
RAFFA VICTORIA,20238045518,2030 S.R.L.,30717068374,2026-05-10T00:00:00.000Z,2026-05-10T00:00:00.000Z,Peinador,035352,035350,Disponible,estado,696422e75dd723128ad69e3e,31
CERASO FACUNDO JOAQUIN,20432458467,2030 S.R.L.,30717068374,2026-05-10T00:00:00.000Z,2026-05-10T00:00:00.000Z,Auxiliar de Estudios,035342,035340,Disponible,estado,696423445dd723128ad69e90,18
ROMERO GABRIELA AGUEDA,27204809696,2030 S.R.L.,30717068374,2026-05-10T00:00:00.000Z,2026-05-10T00:00:00.000Z,Peinador,035352,035350,Disponible,estado,696424945dd723128ad69f60,53
DE SANTIS DAMIANO,20174524697,2030 S.R.L.,30717068374,2026-05-10T00:00:00.000Z,2026-05-10T00:00:00.000Z,Microfonista,035348,035346,Disponible,estado,696424a75dd723128ad69f63,106
UZQUIANO CAROLINA CELESTE,27261997172,2030 S.R.L.,30717068374,2026-05-11T00:00:00.000Z,2026-05-11T00:00:00.000Z,Peinador,035352,035350,Disponible,estado,696423085dd723128ad69e54,49
PARRINELLO ETHEL INES,23148850984,2030 S.R.L.,30717068374,2026-05-12T00:00:00.000Z,2026-05-12T00:00:00.000Z,Peinador,035352,035350,Disponible,estado,696421da5dd723128ad69d73,18
UZQUIANO CAROLINA CELESTE,27261997172,2030 S.R.L.,30717068374,2026-05-12T00:00:00.000Z,2026-05-15T00:00:00.000Z,Peinador,035352,035350,Disponible,estado,696423085dd723128ad69e54,50
GODOY JORGELINA GABRIELA,23359830394,2030 S.R.L.,30717068374,2026-05-12T00:00:00.000Z,2026-05-15T00:00:00.000Z,Peinador,035352,035350,Disponible,estado,6964231f5dd723128ad69e71,34
DE SANTIS DAMIANO,20174524697,2030 S.R.L.,30717068374,2026-05-13T00:00:00.000Z,2026-05-13T00:00:00.000Z,Microfonista,035348,035346,Disponible,estado,696424a75dd723128ad69f63,107
FAMULARO GUIDO ENRIQUE,20308952127,2030 S.R.L.,30717068374,2026-05-14T00:00:00.000Z,2026-05-14T00:00:00.000Z,Microfonista,035348,035346,Disponible,estado,696421b35dd723128ad69d49,34
PARRINELLO ETHEL INES,23148850984,2030 S.R.L.,30717068374,2026-05-16T00:00:00.000Z,2026-05-16T00:00:00.000Z,Peinador,035352,035350,Disponible,estado,696421da5dd723128ad69d73,19
DE SANTIS DAMIANO,20174524697,2030 S.R.L.,30717068374,2026-05-16T00:00:00.000Z,2026-05-16T00:00:00.000Z,Microfonista,035348,035346,Disponible,estado,696424a75dd723128ad69f63,108
BARRERA MINNICELLI ISAIAS NAHUEL,20378665303,2030 S.R.L.,30717068374,2026-05-16T00:00:00.000Z,2026-05-16T00:00:00.000Z,Peinador,035352,035350,Disponible,estado,6a2eb9e6feba0437c8a9b8ac,1
PARRINELLO ETHEL INES,23148850984,2030 S.R.L.,30717068374,2026-05-17T00:00:00.000Z,2026-05-17T00:00:00.000Z,Peinador,035352,035350,Disponible,estado,696421da5dd723128ad69d73,20
RAFFA VICTORIA,20238045518,2030 S.R.L.,30717068374,2026-05-17T00:00:00.000Z,2026-05-17T00:00:00.000Z,Peinador,035352,035350,Disponible,estado,696422e75dd723128ad69e3e,32
ROMERO GABRIELA AGUEDA,27204809696,2030 S.R.L.,30717068374,2026-05-17T00:00:00.000Z,2026-05-17T00:00:00.000Z,Peinador,035352,035350,Disponible,estado,696424945dd723128ad69f60,54
DE SANTIS DAMIANO,20174524697,2030 S.R.L.,30717068374,2026-05-17T00:00:00.000Z,2026-05-17T00:00:00.000Z,Microfonista,035348,035346,Disponible,estado,696424a75dd723128ad69f63,109
PARRINELLO ETHEL INES,23148850984,2030 S.R.L.,30717068374,2026-05-18T00:00:00.000Z,2026-05-18T00:00:00.000Z,Peinador,035352,035350,Disponible,estado,696421da5dd723128ad69d73,21
UZQUIANO CAROLINA CELESTE,27261997172,2030 S.R.L.,30717068374,2026-05-18T00:00:00.000Z,2026-05-18T00:00:00.000Z,Peinador,035352,035350,Disponible,estado,696423085dd723128ad69e54,51
UZQUIANO CAROLINA CELESTE,27261997172,2030 S.R.L.,30717068374,2026-05-19T00:00:00.000Z,2026-05-22T00:00:00.000Z,Peinador,035352,035350,Disponible,estado,696423085dd723128ad69e54,52
GODOY JORGELINA GABRIELA,23359830394,2030 S.R.L.,30717068374,2026-05-20T00:00:00.000Z,2026-05-20T00:00:00.000Z,Peinador,035352,035350,Disponible,estado,6964231f5dd723128ad69e71,35
GODOY JORGELINA GABRIELA,23359830394,2030 S.R.L.,30717068374,2026-05-21T00:00:00.000Z,2026-05-21T00:00:00.000Z,Peinador,035352,035350,Disponible,estado,6964231f5dd723128ad69e71,36
FAMULARO GUIDO ENRIQUE,20308952127,2030 S.R.L.,30717068374,2026-05-22T00:00:00.000Z,2026-05-22T00:00:00.000Z,Microfonista,035348,035346,Disponible,estado,696421b35dd723128ad69d49,35
DE SANTIS DAMIANO,20174524697,2030 S.R.L.,30717068374,2026-05-23T00:00:00.000Z,2026-05-23T00:00:00.000Z,Microfonista,035348,035346,Disponible,estado,696424a75dd723128ad69f63,110
DE SANTIS DAMIANO,20174524697,2030 S.R.L.,30717068374,2026-05-23T00:00:00.000Z,2026-05-23T00:00:00.000Z,Microfonista,035348,035346,Disponible,estado,696424a75dd723128ad69f63,111
PARRINELLO ETHEL INES,23148850984,2030 S.R.L.,30717068374,2026-05-24T00:00:00.000Z,2026-05-24T00:00:00.000Z,Peinador,035352,035350,Disponible,estado,696421da5dd723128ad69d73,22
PARRINELLO ETHEL INES,23148850984,2030 S.R.L.,30717068374,2026-05-24T00:00:00.000Z,2026-05-24T00:00:00.000Z,Peinador,035352,035350,Disponible,estado,696421da5dd723128ad69d73,23
CERASO FACUNDO JOAQUIN,20432458467,2030 S.R.L.,30717068374,2026-05-24T00:00:00.000Z,2026-05-24T00:00:00.000Z,Auxiliar de Estudios,035342,035340,Disponible,estado,696423445dd723128ad69e90,19
ROMERO GABRIELA AGUEDA,27204809696,2030 S.R.L.,30717068374,2026-05-24T00:00:00.000Z,2026-05-24T00:00:00.000Z,Peinador,035352,035350,Disponible,estado,696424945dd723128ad69f60,55
PARRINELLO ETHEL INES,23148850984,2030 S.R.L.,30717068374,2026-05-25T00:00:00.000Z,2026-05-25T00:00:00.000Z,Peinador,035352,035350,Disponible,estado,696421da5dd723128ad69d73,24
UZQUIANO CAROLINA CELESTE,27261997172,2030 S.R.L.,30717068374,2026-05-25T00:00:00.000Z,2026-05-29T00:00:00.000Z,Peinador,035352,035350,Disponible,estado,696423085dd723128ad69e54,53
BARRERA MINNICELLI ISAIAS NAHUEL,20378665303,2030 S.R.L.,30717068374,2026-05-27T00:00:00.000Z,2026-05-27T00:00:00.000Z,Peinador,035352,035350,Disponible,estado,6a2eb9e6feba0437c8a9b8ac,2
STORNINI CLARA MARIA,27273328683,2030 S.R.L.,30717068374,2026-05-29T00:00:00.000Z,2026-05-29T00:00:00.000Z,Peinador,035352,035350,Disponible,estado,696422f75dd723128ad69e47,24
GODOY JORGELINA GABRIELA,23359830394,2030 S.R.L.,30717068374,2026-05-29T00:00:00.000Z,2026-05-29T00:00:00.000Z,Peinador,035352,035350,Disponible,estado,6964231f5dd723128ad69e71,37
UZQUIANO CAROLINA CELESTE,27261997172,2030 S.R.L.,30717068374,2026-05-30T00:00:00.000Z,2026-05-30T00:00:00.000Z,Peinador,035352,035350,Disponible,estado,696423085dd723128ad69e54,54
DE SANTIS DAMIANO,20174524697,2030 S.R.L.,30717068374,2026-05-30T00:00:00.000Z,2026-05-30T00:00:00.000Z,Microfonista,035348,035346,Disponible,estado,696424a75dd723128ad69f63,112
GODOY JORGELINA GABRIELA,23359830394,2030 S.R.L.,30717068374,2026-05-31T00:00:00.000Z,2026-05-31T00:00:00.000Z,Peinador,035352,035350,Disponible,estado,6964231f5dd723128ad69e71,38
ROMERO GABRIELA AGUEDA,27204809696,2030 S.R.L.,30717068374,2026-05-31T00:00:00.000Z,2026-05-31T00:00:00.000Z,Peinador,035352,035350,Disponible,estado,696424945dd723128ad69f60,56
DE SANTIS DAMIANO,20174524697,2030 S.R.L.,30717068374,2026-05-31T00:00:00.000Z,2026-05-31T00:00:00.000Z,Microfonista,035348,035346,Disponible,estado,696424a75dd723128ad69f63,113
RODRIGUEZ JORGE OSCAR,23230233659,2030 S.R.L.,30717068374,2026-06-01T00:00:00.000Z,2026-06-30T00:00:00.000Z,Peinador,035352,035350,Disponible,estado,696421f25dd723128ad69d92,11
PARRINELLO ETHEL INES,23148850984,2030 S.R.L.,30717068374,2026-06-01T00:00:00.000Z,2026-06-01T00:00:00.000Z,Peinador,035352,035350,Disponible,estado,696421da5dd723128ad69d73,25
PARRINELLO ETHEL INES,23148850984,2030 S.R.L.,30717068374,2026-06-01T00:00:00.000Z,2026-06-01T00:00:00.000Z,Peinador,035352,035350,Disponible,estado,696421da5dd723128ad69d73,26
UZQUIANO CAROLINA CELESTE,27261997172,2030 S.R.L.,30717068374,2026-06-01T00:00:00.000Z,2026-06-01T00:00:00.000Z,Peinador,035352,035350,Disponible,estado,696423085dd723128ad69e54,55
UZQUIANO CAROLINA CELESTE,27261997172,2030 S.R.L.,30717068374,2026-06-01T00:00:00.000Z,2026-06-07T00:00:00.000Z,Peinador,035352,035350,Disponible,estado,696423085dd723128ad69e54,56
GODOY JORGELINA GABRIELA,23359830394,2030 S.R.L.,30717068374,2026-06-01T00:00:00.000Z,2026-06-05T00:00:00.000Z,Peinador,035352,035350,Disponible,estado,6964231f5dd723128ad69e71,39
MORELLI RODOLFO DANIEL,20210727397,2030 S.R.L.,30717068374,2026-06-01T00:00:00.000Z,2026-06-30T00:00:00.000Z,Peinador,035352,035350,Disponible,estado,696425095dd723128ad69f94,23
PARRINELLO ETHEL INES,23148850984,2030 S.R.L.,30717068374,2026-06-03T00:00:00.000Z,2026-06-03T00:00:00.000Z,Peinador,035352,035350,Disponible,estado,696421da5dd723128ad69d73,27
BARRERA MINNICELLI ISAIAS NAHUEL,20378665303,2030 S.R.L.,30717068374,2026-06-03T00:00:00.000Z,2026-06-03T00:00:00.000Z,Peinador,035352,035350,Disponible,estado,6a2eb9e6feba0437c8a9b8ac,3
PARRINELLO ETHEL INES,23148850984,2030 S.R.L.,30717068374,2026-06-04T00:00:00.000Z,2026-06-04T00:00:00.000Z,Peinador,035352,035350,Disponible,estado,696421da5dd723128ad69d73,28
DE SANTIS DAMIANO,20174524697,2030 S.R.L.,30717068374,2026-06-05T00:00:00.000Z,2026-06-05T00:00:00.000Z,Microfonista,035348,035346,Disponible,estado,696424a75dd723128ad69f63,114
DE SANTIS DAMIANO,20174524697,2030 S.R.L.,30717068374,2026-06-06T00:00:00.000Z,2026-06-06T00:00:00.000Z,Microfonista,035348,035346,Disponible,estado,696424a75dd723128ad69f63,115
PARRINELLO ETHEL INES,23148850984,2030 S.R.L.,30717068374,2026-06-07T00:00:00.000Z,2026-06-07T00:00:00.000Z,Peinador,035352,035350,Disponible,estado,696421da5dd723128ad69d73,30
RAFFA VICTORIA,20238045518,2030 S.R.L.,30717068374,2026-06-07T00:00:00.000Z,2026-06-07T00:00:00.000Z,Peinador,035352,035350,Disponible,estado,696422e75dd723128ad69e3e,33
CERASO FACUNDO JOAQUIN,20432458467,2030 S.R.L.,30717068374,2026-06-07T00:00:00.000Z,2026-06-07T00:00:00.000Z,Auxiliar de Estudios,035342,035340,Disponible,estado,696423445dd723128ad69e90,20
ROMERO GABRIELA AGUEDA,27204809696,2030 S.R.L.,30717068374,2026-06-07T00:00:00.000Z,2026-06-07T00:00:00.000Z,Peinador,035352,035350,Disponible,estado,696424945dd723128ad69f60,57
DE SANTIS DAMIANO,20174524697,2030 S.R.L.,30717068374,2026-06-07T00:00:00.000Z,2026-06-07T00:00:00.000Z,Microfonista,035348,035346,Disponible,estado,696424a75dd723128ad69f63,116
BARRERA MINNICELLI ISAIAS NAHUEL,20378665303,2030 S.R.L.,30717068374,2026-06-07T00:00:00.000Z,2026-06-07T00:00:00.000Z,Peinador,035352,035350,Disponible,estado,6a2eb9e6feba0437c8a9b8ac,4
PARRINELLO ETHEL INES,23148850984,2030 S.R.L.,30717068374,2026-06-08T00:00:00.000Z,2026-06-08T00:00:00.000Z,Peinador,035352,035350,Disponible,estado,696421da5dd723128ad69d73,31
UZQUIANO CAROLINA CELESTE,27261997172,2030 S.R.L.,30717068374,2026-06-08T00:00:00.000Z,2026-06-12T00:00:00.000Z,Peinador,035352,035350,Disponible,estado,696423085dd723128ad69e54,57
GODOY JORGELINA GABRIELA,23359830394,2030 S.R.L.,30717068374,2026-06-08T00:00:00.000Z,2026-06-14T00:00:00.000Z,Peinador,035352,035350,Disponible,estado,6964231f5dd723128ad69e71,40
MARIÑO NAIARA LUCILA,27321669358,2030 S.R.L.,30717068374,2026-06-10T00:00:00.000Z,2026-06-10T00:00:00.000Z,Peinador,035352,035350,Disponible,estado,6a2eb9e6feba0437c8a9b8ab,1
PARRINELLO ETHEL INES,23148850984,2030 S.R.L.,30717068374,2026-06-13T00:00:00.000Z,2026-06-13T00:00:00.000Z,Peinador,035352,035350,Disponible,estado,696421da5dd723128ad69d73,32
DE SANTIS DAMIANO,20174524697,2030 S.R.L.,30717068374,2026-06-13T00:00:00.000Z,2026-06-13T00:00:00.000Z,Microfonista,035348,035346,Disponible,estado,696424a75dd723128ad69f63,117
BARRERA MINNICELLI ISAIAS NAHUEL,20378665303,2030 S.R.L.,30717068374,2026-06-13T00:00:00.000Z,2026-06-13T00:00:00.000Z,Peinador,035352,035350,Disponible,estado,6a2eb9e6feba0437c8a9b8ac,5
UZQUIANO CAROLINA CELESTE,27261997172,2030 S.R.L.,30717068374,2026-06-14T00:00:00.000Z,2026-06-14T00:00:00.000Z,Peinador,035352,035350,Disponible,estado,696423085dd723128ad69e54,58
RAFFA VICTORIA,20238045518,2030 S.R.L.,30717068374,2026-06-14T00:00:00.000Z,2026-06-14T00:00:00.000Z,Peinador,035352,035350,Disponible,estado,696422e75dd723128ad69e3e,36
ROMERO GABRIELA AGUEDA,27204809696,2030 S.R.L.,30717068374,2026-06-14T00:00:00.000Z,2026-06-14T00:00:00.000Z,Peinador,035352,035350,Disponible,estado,696424945dd723128ad69f60,60
DE SANTIS DAMIANO,20174524697,2030 S.R.L.,30717068374,2026-06-14T00:00:00.000Z,2026-06-14T00:00:00.000Z,Microfonista,035348,035346,Disponible,estado,696424a75dd723128ad69f63,118
PARRINELLO ETHEL INES,23148850984,2030 S.R.L.,30717068374,2026-06-15T00:00:00.000Z,2026-06-15T00:00:00.000Z,Peinador,035352,035350,Disponible,estado,696421da5dd723128ad69d73,33
UZQUIANO CAROLINA CELESTE,27261997172,2030 S.R.L.,30717068374,2026-06-15T00:00:00.000Z,2026-06-21T00:00:00.000Z,Peinador,035352,035350,Disponible,estado,696423085dd723128ad69e54,59
GODOY JORGELINA GABRIELA,23359830394,2030 S.R.L.,30717068374,2026-06-15T00:00:00.000Z,2026-06-16T00:00:00.000Z,Peinador,035352,035350,Disponible,estado,6964231f5dd723128ad69e71,41
PARRINELLO ETHEL INES,23148850984,2030 S.R.L.,30717068374,2026-06-17T00:00:00.000Z,2026-06-17T00:00:00.000Z,Peinador,035352,035350,Disponible,estado,696421da5dd723128ad69d73,34
GODOY JORGELINA GABRIELA,23359830394,2030 S.R.L.,30717068374,2026-06-18T00:00:00.000Z,2026-06-21T00:00:00.000Z,Peinador,035352,035350,Disponible,estado,6964231f5dd723128ad69e71,42
DE SANTIS DAMIANO,20174524697,2030 S.R.L.,30717068374,2026-06-19T00:00:00.000Z,2026-06-19T00:00:00.000Z,Microfonista,035348,035346,Disponible,estado,696424a75dd723128ad69f63,119
DE SANTIS DAMIANO,20174524697,2030 S.R.L.,30717068374,2026-06-20T00:00:00.000Z,2026-06-20T00:00:00.000Z,Microfonista,035348,035346,Disponible,estado,696424a75dd723128ad69f63,120
BARRERA MINNICELLI ISAIAS NAHUEL,20378665303,2030 S.R.L.,30717068374,2026-06-20T00:00:00.000Z,2026-06-20T00:00:00.000Z,Peinador,035352,035350,Disponible,estado,6a2eb9e6feba0437c8a9b8ac,6
UZQUIANO CAROLINA CELESTE,27261997172,2030 S.R.L.,30717068374,2026-06-21T00:00:00.000Z,2026-06-21T00:00:00.000Z,Peinador,035352,035350,Disponible,estado,696423085dd723128ad69e54,60
RAFFA VICTORIA,20238045518,2030 S.R.L.,30717068374,2026-06-21T00:00:00.000Z,2026-06-21T00:00:00.000Z,Peinador,035352,035350,Disponible,estado,696422e75dd723128ad69e3e,37
ROMERO GABRIELA AGUEDA,27204809696,2030 S.R.L.,30717068374,2026-06-21T00:00:00.000Z,2026-06-21T00:00:00.000Z,Peinador,035352,035350,Disponible,estado,696424945dd723128ad69f60,61
DE SANTIS DAMIANO,20174524697,2030 S.R.L.,30717068374,2026-06-21T00:00:00.000Z,2026-06-21T00:00:00.000Z,Microfonista,035348,035346,Disponible,estado,696424a75dd723128ad69f63,121
PARRINELLO ETHEL INES,23148850984,2030 S.R.L.,30717068374,2026-06-22T00:00:00.000Z,2026-06-22T00:00:00.000Z,Peinador,035352,035350,Disponible,estado,696421da5dd723128ad69d73,35
UZQUIANO CAROLINA CELESTE,27261997172,2030 S.R.L.,30717068374,2026-06-22T00:00:00.000Z,2026-06-28T00:00:00.000Z,Peinador,035352,035350,Disponible,estado,696423085dd723128ad69e54,61
GODOY JORGELINA GABRIELA,23359830394,2030 S.R.L.,30717068374,2026-06-22T00:00:00.000Z,2026-06-28T00:00:00.000Z,Peinador,035352,035350,Disponible,estado,6964231f5dd723128ad69e71,43
DE SANTIS DAMIANO,20174524697,2030 S.R.L.,30717068374,2026-06-22T00:00:00.000Z,2026-06-22T00:00:00.000Z,Microfonista,035348,035346,Disponible,estado,696424a75dd723128ad69f63,122
PARRINELLO ETHEL INES,23148850984,2030 S.R.L.,30717068374,2026-06-24T00:00:00.000Z,2026-06-24T00:00:00.000Z,Peinador,035352,035350,Disponible,estado,696421da5dd723128ad69d73,36
DE SANTIS DAMIANO,20174524697,2030 S.R.L.,30717068374,2026-06-24T00:00:00.000Z,2026-06-24T00:00:00.000Z,Microfonista,035348,035346,Disponible,estado,696424a75dd723128ad69f63,123
DE SANTIS DAMIANO,20174524697,2030 S.R.L.,30717068374,2026-06-27T00:00:00.000Z,2026-06-27T00:00:00.000Z,Microfonista,035348,035346,Disponible,estado,696424a75dd723128ad69f63,124
BARRERA MINNICELLI ISAIAS NAHUEL,20378665303,2030 S.R.L.,30717068374,2026-06-27T00:00:00.000Z,2026-06-27T00:00:00.000Z,Peinador,035352,035350,Disponible,estado,6a2eb9e6feba0437c8a9b8ac,7
RAFFA VICTORIA,20238045518,2030 S.R.L.,30717068374,2026-06-28T00:00:00.000Z,2026-06-28T00:00:00.000Z,Peinador,035352,035350,Disponible,estado,696422e75dd723128ad69e3e,38
ROMERO GABRIELA AGUEDA,27204809696,2030 S.R.L.,30717068374,2026-06-28T00:00:00.000Z,2026-06-28T00:00:00.000Z,Peinador,035352,035350,Disponible,estado,696424945dd723128ad69f60,62
DE SANTIS DAMIANO,20174524697,2030 S.R.L.,30717068374,2026-06-28T00:00:00.000Z,2026-06-28T00:00:00.000Z,Microfonista,035348,035346,Disponible,estado,696424a75dd723128ad69f63,125
PARRINELLO ETHEL INES,23148850984,2030 S.R.L.,30717068374,2026-06-29T00:00:00.000Z,2026-06-29T00:00:00.000Z,Peinador,035352,035350,Disponible,estado,696421da5dd723128ad69d73,37
STORNINI CLARA MARIA,27273328683,2030 S.R.L.,30717068374,2026-06-29T00:00:00.000Z,2026-06-29T00:00:00.000Z,Peinador,035352,035350,Disponible,estado,696422f75dd723128ad69e47,25
STORNINI CLARA MARIA,27273328683,2030 S.R.L.,30717068374,2026-06-30T00:00:00.000Z,2026-07-01T00:00:00.000Z,Peinador,035352,035350,Disponible,estado,696422f75dd723128ad69e47,26
DE SANTIS DAMIANO,20174524697,2030 S.R.L.,30717068374,2026-06-30T00:00:00.000Z,2026-06-30T00:00:00.000Z,Microfonista,035348,035346,Disponible,estado,696424a75dd723128ad69f63,126
RODRIGUEZ JORGE OSCAR,23230233659,2030 S.R.L.,30717068374,2026-07-01T00:00:00.000Z,2026-07-10T00:00:00.000Z,Peinador,035352,035350,Disponible,estado,696421f25dd723128ad69d92,12
RODRIGUEZ JORGE OSCAR,23230233659,2030 S.R.L.,30717068374,2026-07-01T00:00:00.000Z,2026-07-10T00:00:00.000Z,Peinador,035352,035350,Disponible,estado,696421f25dd723128ad69d92,13
PARRINELLO ETHEL INES,23148850984,2030 S.R.L.,30717068374,2026-07-01T00:00:00.000Z,2026-07-01T00:00:00.000Z,Peinador,035352,035350,Disponible,estado,696421da5dd723128ad69d73,38
ZARATE MARCOS EZEQUIEL,20281644565,2030 S.R.L.,30717068374,2026-07-01T00:00:00.000Z,2026-07-31T00:00:00.000Z,Peinador,035352,035350,Disponible,estado,6964220d5dd723128ad69db5,16
UZQUIANO CAROLINA CELESTE,27261997172,2030 S.R.L.,30717068374,2026-07-01T00:00:00.000Z,2026-07-31T00:00:00.000Z,Peinador,035352,035350,Disponible,estado,696423085dd723128ad69e54,62
MARMOL OCTAVIO,20436261501,2030 S.R.L.,30717068374,2026-07-01T00:00:00.000Z,2026-07-27T00:00:00.000Z,Auxiliar de Estudios,035342,035340,Envio de documentacion,estado,696422475dd723128ad69dfe,11
CASTRO BRIAN EMANUEL,20412923767,2030 S.R.L.,30717068374,2026-07-01T00:00:00.000Z,2026-07-31T00:00:00.000Z,Asistente de cámara especializado / Grip,035340,035358,Disponible,estado,6964237a5dd723128ad69eba,107
Zamorano Matias,20406383734,2030 S.R.L.,30717068374,2026-07-01T00:00:00.000Z,2026-09-30T00:00:00.000Z,Asistente de cámara especializado / Grip,035340,035358,Disponible,estado,696423585dd723128ad69ea2,9
MORELLI RODOLFO DANIEL,20210727397,2030 S.R.L.,30717068374,2026-07-01T00:00:00.000Z,2026-07-31T00:00:00.000Z,Peinador,035352,035350,Disponible,estado,696425095dd723128ad69f94,25
CHAHIM MARIA FERNANDA,27326544588,2030 S.R.L.,30717068374,2026-07-01T00:00:00.000Z,2026-09-30T00:00:00.000Z,Modista Realizadora,035349,035347,Disponible,estado,696424cb5dd723128ad69f6d,11
SOTO CINTHIA BELEN,27390593800,2030 S.R.L.,30717068374,2026-07-01T00:00:00.000Z,2026-09-30T00:00:00.000Z,Modista Realizadora,035349,035347,Disponible,estado,696424e85dd723128ad69f7b,7
Paccoret Guido Juan Carlos,20343959010,2030 S.R.L.,30717068374,2026-07-01T00:00:00.000Z,2026-09-30T00:00:00.000Z,Asistente de cámara especializado / Grip,035340,035358,Disponible,estado,696423c05dd723128ad69efc,23
AQUINO ENZO GABRIEL,20442166987,2030 S.R.L.,30717068374,2026-07-01T00:00:00.000Z,2026-07-31T00:00:00.000Z,Utilero,035358,035356,Disponible,estado,696424b95dd723128ad69f68,139
MARTINEZ ALVARO MANUEL,20365478792,2030 S.R.L.,30717068374,2026-07-01T00:00:00.000Z,2026-07-31T00:00:00.000Z,Utilero,035358,035356,Disponible,estado,6a4699697edc747f9d9dfe6a,2
STORNINI CLARA MARIA,27273328683,2030 S.R.L.,30717068374,2026-07-02T00:00:00.000Z,2026-07-02T00:00:00.000Z,Peinador,035352,035350,Disponible,estado,696422f75dd723128ad69e47,27
BARRERA MINNICELLI ISAIAS NAHUEL,20378665303,2030 S.R.L.,30717068374,2026-07-04T00:00:00.000Z,2026-07-04T00:00:00.000Z,Peinador,035352,035350,Disponible,estado,6a2eb9e6feba0437c8a9b8ac,8
RAFFA VICTORIA,20238045518,2030 S.R.L.,30717068374,2026-07-05T00:00:00.000Z,2026-07-05T00:00:00.000Z,Peinador,035352,035350,Disponible,estado,696422e75dd723128ad69e3e,39
ROMERO GABRIELA AGUEDA,27204809696,2030 S.R.L.,30717068374,2026-07-05T00:00:00.000Z,2026-07-05T00:00:00.000Z,Peinador,035352,035350,Disponible,estado,696424945dd723128ad69f60,63
CIEJOVICZ FABIO LUIS,20337272658,2030 S.R.L.,30717068374,2026-07-06T00:00:00.000Z,2026-07-10T00:00:00.000Z,Peinador,035352,035350,Disponible,estado,6964230c5dd723128ad69e5a,2
PARRINELLO ETHEL INES,23148850984,2030 S.R.L.,30717068374,2026-07-15T00:00:00.000Z,2026-07-15T00:00:00.000Z,Peinador,035352,035350,Disponible,estado,696421da5dd723128ad69d73,40
PARRINELLO ETHEL INES,23148850984,2030 S.R.L.,30717068374,2026-07-16T00:00:00.000Z,2026-07-16T00:00:00.000Z,Peinador,035352,035350,Disponible,estado,696421da5dd723128ad69d73,41
FAMULARO GUIDO ENRIQUE,20308952127,2030 S.R.L.,30717068374,2026-07-17T00:00:00.000Z,2026-07-17T00:00:00.000Z,Microfonista,035348,035346,Disponible,estado,696421b35dd723128ad69d49,37
STORNINI CLARA MARIA,27273328683,2030 S.R.L.,30717068374,2026-07-17T00:00:00.000Z,2026-07-17T00:00:00.000Z,Peinador,035352,035350,Disponible,estado,696422f75dd723128ad69e47,28
DE SANTIS DAMIANO,20174524697,2030 S.R.L.,30717068374,2026-07-17T00:00:00.000Z,2026-07-17T00:00:00.000Z,Microfonista,035348,035346,Disponible,estado,696424a75dd723128ad69f63,132
ZARATE MARCOS EZEQUIEL,20281644565,2030 S.R.L.,30717068374,2026-07-18T00:00:00.000Z,2026-07-18T00:00:00.000Z,Peinador,035352,035350,Disponible,estado,6964220d5dd723128ad69db5,17
CIEJOVICZ FABIO LUIS,20337272658,2030 S.R.L.,30717068374,2026-07-18T00:00:00.000Z,2026-07-18T00:00:00.000Z,Peinador,035352,035350,Disponible,estado,6964230c5dd723128ad69e5a,5
DE SANTIS DAMIANO,20174524697,2030 S.R.L.,30717068374,2026-07-18T00:00:00.000Z,2026-07-18T00:00:00.000Z,Microfonista,035348,035346,Disponible,estado,696424a75dd723128ad69f63,133
FAMULARO GUIDO ENRIQUE,20308952127,2030 S.R.L.,30717068374,2026-07-19T00:00:00.000Z,2026-07-19T00:00:00.000Z,Microfonista,035348,035346,Disponible,estado,696421b35dd723128ad69d49,38
RAFFA VICTORIA,20238045518,2030 S.R.L.,30717068374,2026-07-19T00:00:00.000Z,2026-07-19T00:00:00.000Z,Peinador,035352,035350,Disponible,estado,696422e75dd723128ad69e3e,41
ROMERO GABRIELA AGUEDA,27204809696,2030 S.R.L.,30717068374,2026-07-19T00:00:00.000Z,2026-07-19T00:00:00.000Z,Peinador,035352,035350,Disponible,estado,696424945dd723128ad69f60,64
DE SANTIS DAMIANO,20174524697,2030 S.R.L.,30717068374,2026-07-19T00:00:00.000Z,2026-07-19T00:00:00.000Z,Microfonista,035348,035346,Disponible,estado,696424a75dd723128ad69f63,134
PARRINELLO ETHEL INES,23148850984,2030 S.R.L.,30717068374,2026-07-20T00:00:00.000Z,2026-07-20T00:00:00.000Z,Peinador,035352,035350,Disponible,estado,696421da5dd723128ad69d73,42
CIEJOVICZ FABIO LUIS,20337272658,2030 S.R.L.,30717068374,2026-07-20T00:00:00.000Z,2026-07-25T00:00:00.000Z,Peinador,035352,035350,Disponible,estado,6964230c5dd723128ad69e5a,6
DE SANTIS DAMIANO,20174524697,2030 S.R.L.,30717068374,2026-07-20T00:00:00.000Z,2026-07-20T00:00:00.000Z,Microfonista,035348,035346,Disponible,estado,696424a75dd723128ad69f63,135
PARRINELLO ETHEL INES,23148850984,2030 S.R.L.,30717068374,2026-07-21T00:00:00.000Z,2026-07-21T00:00:00.000Z,Peinador,035352,035350,Disponible,estado,696421da5dd723128ad69d73,43
DE SANTIS DAMIANO,20174524697,2030 S.R.L.,30717068374,2026-07-21T00:00:00.000Z,2026-07-21T00:00:00.000Z,Microfonista,035348,035346,Disponible,estado,696424a75dd723128ad69f63,136
PARRINELLO ETHEL INES,23148850984,2030 S.R.L.,30717068374,2026-07-22T00:00:00.000Z,2026-07-22T00:00:00.000Z,Peinador,035352,035350,Disponible,estado,696421da5dd723128ad69d73,44
SWYSEN FATIMA,27446694788,2030 S.R.L.,30717068374,2026-07-22T00:00:00.000Z,2026-07-22T00:00:00.000Z,Peinador,035352,035350,Disponible,estado,696421f75dd723128ad69d99,2
DE SANTIS DAMIANO,20174524697,2030 S.R.L.,30717068374,2026-07-22T00:00:00.000Z,2026-07-22T00:00:00.000Z,Microfonista,035348,035346,Disponible,estado,696424a75dd723128ad69f63,137
MAEDA LUCAS TAKESHI,20341236151,2030 S.R.L.,30717068374,2026-07-25T00:00:00.000Z,2026-07-25T00:00:00.000Z,Microfonista,035348,035346,Disponible,estado,6a6b248f6db5eb54e982deff,0
DE SANTIS DAMIANO,20174524697,2030 S.R.L.,30717068374,2026-07-26T00:00:00.000Z,2026-07-26T00:00:00.000Z,Microfonista,035348,035346,Disponible,estado,696424a75dd723128ad69f63,138
CIEJOVICZ FABIO LUIS,20337272658,2030 S.R.L.,30717068374,2026-07-27T00:00:00.000Z,2026-07-31T00:00:00.000Z,Peinador,035352,035350,Disponible,estado,6964230c5dd723128ad69e5a,7
STORNINI CLARA MARIA,27273328683,2030 S.R.L.,30717068374,2026-07-30T00:00:00.000Z,2026-07-30T00:00:00.000Z,Peinador,035352,035350,Disponible,estado,696422f75dd723128ad69e47,29
PEREDA MARIANA SOLEDAD,27255114099,2030 S.R.L.,30717068374,2026-07-30T00:00:00.000Z,2026-07-30T00:00:00.000Z,Peinador,035352,035350,Disponible,estado,696423e95dd723128ad69f1f,8
MUÑOZ LOTO RODRIGO ALEJANDRO,20431937981,2030 S.R.L.,30717068374,2026-08-01T00:00:00.000Z,2026-08-31T00:00:00.000Z,Utilero,035358,035356,Disponible,estado,696421e15dd723128ad69d7e,67
ZARATE MARCOS EZEQUIEL,20281644565,2030 S.R.L.,30717068374,2026-08-01T00:00:00.000Z,2026-08-31T00:00:00.000Z,Peinador,035352,035350,Disponible,estado,6964220d5dd723128ad69db5,18
CIEJOVICZ FABIO LUIS,20337272658,2030 S.R.L.,30717068374,2026-08-01T00:00:00.000Z,2026-08-01T00:00:00.000Z,Peinador,035352,035350,Disponible,estado,6964230c5dd723128ad69e5a,8
UZQUIANO CAROLINA CELESTE,27261997172,2030 S.R.L.,30717068374,2026-08-01T00:00:00.000Z,2026-08-31T00:00:00.000Z,Peinador,035352,035350,Disponible,estado,696423085dd723128ad69e54,63
CASTRO BRIAN EMANUEL,20412923767,2030 S.R.L.,30717068374,2026-08-01T00:00:00.000Z,2026-08-31T00:00:00.000Z,Auxiliar de Estudios,035342,035340,Disponible,estado,6964237a5dd723128ad69eba,109
MORELLI RODOLFO DANIEL,20210727397,2030 S.R.L.,30717068374,2026-08-01T00:00:00.000Z,2026-08-31T00:00:00.000Z,Peinador,035352,035350,Disponible,estado,696425095dd723128ad69f94,26
AQUINO ENZO GABRIEL,20442166987,2030 S.R.L.,30717068374,2026-08-01T00:00:00.000Z,2026-08-31T00:00:00.000Z,Utilero,035358,035356,Disponible,estado,696424b95dd723128ad69f68,140
DE SANTIS DAMIANO,20174524697,2030 S.R.L.,30717068374,2026-08-01T00:00:00.000Z,2026-08-01T00:00:00.000Z,Microfonista,035348,035346,Disponible,estado,696424a75dd723128ad69f63,139
MARTINEZ ALVARO MANUEL,20365478792,2030 S.R.L.,30717068374,2026-08-01T00:00:00.000Z,2026-08-31T00:00:00.000Z,Utilero,035358,035356,Disponible,estado,6a4699697edc747f9d9dfe6a,3
REBORA MARIA LAURA,27245915190,2030 S.R.L.,30717068374,2026-08-01T00:00:00.000Z,2026-08-01T00:00:00.000Z,Peinador,035352,035350,Disponible,estado,6a8495c015ceabf999656127,0
MAEDA LUCAS TAKESHI,20341236151,2030 S.R.L.,30717068374,2026-08-01T00:00:00.000Z,2026-08-01T00:00:00.000Z,Microfonista,035348,035346,Disponible,estado,6a6b248f6db5eb54e982deff,1
PARRINELLO ETHEL INES,23148850984,2030 S.R.L.,30717068374,2026-08-02T00:00:00.000Z,2026-08-02T00:00:00.000Z,Peinador,035352,035350,Disponible,estado,696421da5dd723128ad69d73,47
STORNINI CLARA MARIA,27273328683,2030 S.R.L.,30717068374,2026-08-02T00:00:00.000Z,2026-08-02T00:00:00.000Z,Peinador,035352,035350,Disponible,estado,696422f75dd723128ad69e47,30
CERASO FACUNDO JOAQUIN,20432458467,2030 S.R.L.,30717068374,2026-08-02T00:00:00.000Z,2026-08-02T00:00:00.000Z,Auxiliar de Estudios,035342,035340,Disponible,estado,696423445dd723128ad69e90,62
ROMERO GABRIELA AGUEDA,27204809696,2030 S.R.L.,30717068374,2026-08-02T00:00:00.000Z,2026-08-02T00:00:00.000Z,Peinador,035352,035350,Disponible,estado,696424945dd723128ad69f60,66
DE SANTIS DAMIANO,20174524697,2030 S.R.L.,30717068374,2026-08-02T00:00:00.000Z,2026-08-02T00:00:00.000Z,Microfonista,035348,035346,Disponible,estado,696424a75dd723128ad69f63,140
MARIÑO NAIARA LUCILA,27321669358,2030 S.R.L.,30717068374,2026-08-02T00:00:00.000Z,2026-08-02T00:00:00.000Z,Peinador,035352,035350,Disponible,estado,6a2eb9e6feba0437c8a9b8ab,2
BARRERA MINNICELLI ISAIAS NAHUEL,20378665303,2030 S.R.L.,30717068374,2026-08-02T00:00:00.000Z,2026-08-02T00:00:00.000Z,Peinador,035352,035350,Disponible,estado,6a2eb9e6feba0437c8a9b8ac,9
PARRINELLO ETHEL INES,23148850984,2030 S.R.L.,30717068374,2026-08-03T00:00:00.000Z,2026-08-03T00:00:00.000Z,Peinador,035352,035350,Disponible,estado,696421da5dd723128ad69d73,48
CIEJOVICZ FABIO LUIS,20337272658,2030 S.R.L.,30717068374,2026-08-03T00:00:00.000Z,2026-08-07T00:00:00.000Z,Peinador,035352,035350,Disponible,estado,6964230c5dd723128ad69e5a,9
PARRINELLO ETHEL INES,23148850984,2030 S.R.L.,30717068374,2026-08-05T00:00:00.000Z,2026-08-05T00:00:00.000Z,Peinador,035352,035350,Disponible,estado,696421da5dd723128ad69d73,49
BARRERA MINNICELLI ISAIAS NAHUEL,20378665303,2030 S.R.L.,30717068374,2026-08-05T00:00:00.000Z,2026-08-05T00:00:00.000Z,Peinador,035352,035350,Disponible,estado,6a2eb9e6feba0437c8a9b8ac,10
CIEJOVICZ FABIO LUIS,20337272658,2030 S.R.L.,30717068374,2026-08-08T00:00:00.000Z,2026-08-08T00:00:00.000Z,Peinador,035352,035350,Disponible,estado,6964230c5dd723128ad69e5a,10
MAEDA LUCAS TAKESHI,20341236151,2030 S.R.L.,30717068374,2026-08-08T00:00:00.000Z,2026-08-08T00:00:00.000Z,Microfonista,035348,035346,Disponible,estado,6a6b248f6db5eb54e982deff,2
CERASO FACUNDO JOAQUIN,20432458467,2030 S.R.L.,30717068374,2026-08-09T00:00:00.000Z,2026-08-09T00:00:00.000Z,Auxiliar de Estudios,035342,035340,Disponible,estado,696423445dd723128ad69e90,63
SCHEFER THIEBEAUD AMALIA MARGARITA,27927998012,2030 S.R.L.,30717068374,2026-08-09T00:00:00.000Z,2026-08-09T00:00:00.000Z,Peinador,035352,035350,Disponible,estado,696423c95dd723128ad69f04,6
ROMERO GABRIELA AGUEDA,27204809696,2030 S.R.L.,30717068374,2026-08-09T00:00:00.000Z,2026-08-09T00:00:00.000Z,Peinador,035352,035350,Disponible,estado,696424945dd723128ad69f60,67
DE SANTIS DAMIANO,20174524697,2030 S.R.L.,30717068374,2026-08-09T00:00:00.000Z,2026-08-09T00:00:00.000Z,Microfonista,035348,035346,Disponible,estado,696424a75dd723128ad69f63,141
REBORA MARIA LAURA,27245915190,2030 S.R.L.,30717068374,2026-08-09T00:00:00.000Z,2026-08-09T00:00:00.000Z,Peinador,035352,035350,Disponible,estado,6a8495c015ceabf999656127,1
STORNINI CLARA MARIA,27273328683,2030 S.R.L.,30717068374,2026-08-10T00:00:00.000Z,2026-08-13T00:00:00.000Z,Peinador,035352,035350,Disponible,estado,696422f75dd723128ad69e47,31
PEREDA MARIANA SOLEDAD,27255114099,2030 S.R.L.,30717068374,2026-08-11T00:00:00.000Z,2026-08-14T00:00:00.000Z,Peinador,035352,035350,Disponible,estado,696423e95dd723128ad69f1f,9
MAEDA LUCAS TAKESHI,20341236151,2030 S.R.L.,30717068374,2026-08-13T00:00:00.000Z,2026-08-13T00:00:00.000Z,Microfonista,035348,035346,Disponible,estado,6a6b248f6db5eb54e982deff,3
CIEJOVICZ FABIO LUIS,20337272658,2030 S.R.L.,30717068374,2026-08-15T00:00:00.000Z,2026-08-15T00:00:00.000Z,Peinador,035352,035350,Disponible,estado,6964230c5dd723128ad69e5a,12
DE SANTIS DAMIANO,20174524697,2030 S.R.L.,30717068374,2026-08-15T00:00:00.000Z,2026-08-15T00:00:00.000Z,Microfonista,035348,035346,Disponible,estado,696424a75dd723128ad69f63,142
REBORA MARIA LAURA,27245915190,2030 S.R.L.,30717068374,2026-08-15T00:00:00.000Z,2026-08-15T00:00:00.000Z,Peinador,035352,035350,Disponible,estado,6a8495c015ceabf999656127,2
PARRINELLO ETHEL INES,23148850984,2030 S.R.L.,30717068374,2026-08-16T00:00:00.000Z,2026-08-16T00:00:00.000Z,Peinador,035352,035350,Disponible,estado,696421da5dd723128ad69d73,53
STORNINI CLARA MARIA,27273328683,2030 S.R.L.,30717068374,2026-08-16T00:00:00.000Z,2026-08-16T00:00:00.000Z,Peinador,035352,035350,Disponible,estado,696422f75dd723128ad69e47,32
ROMERO GABRIELA AGUEDA,27204809696,2030 S.R.L.,30717068374,2026-08-16T00:00:00.000Z,2026-08-16T00:00:00.000Z,Peinador,035352,035350,Disponible,estado,696424945dd723128ad69f60,68
DE SANTIS DAMIANO,20174524697,2030 S.R.L.,30717068374,2026-08-16T00:00:00.000Z,2026-08-16T00:00:00.000Z,Microfonista,035348,035346,Disponible,estado,696424a75dd723128ad69f63,143
BARRERA MINNICELLI ISAIAS NAHUEL,20378665303,2030 S.R.L.,30717068374,2026-08-16T00:00:00.000Z,2026-08-16T00:00:00.000Z,Peinador,035352,035350,Disponible,estado,6a2eb9e6feba0437c8a9b8ac,12
PARRINELLO ETHEL INES,23148850984,2030 S.R.L.,30717068374,2026-08-17T00:00:00.000Z,2026-08-17T00:00:00.000Z,Peinador,035352,035350,Disponible,estado,696421da5dd723128ad69d73,54
CIEJOVICZ FABIO LUIS,20337272658,2030 S.R.L.,30717068374,2026-08-17T00:00:00.000Z,2026-08-22T00:00:00.000Z,Peinador,035352,035350,Disponible,estado,6964230c5dd723128ad69e5a,13
MAEDA LUCAS TAKESHI,20341236151,2030 S.R.L.,30717068374,2026-08-17T00:00:00.000Z,2026-08-17T00:00:00.000Z,Microfonista,035348,035346,Disponible,estado,6a6b248f6db5eb54e982deff,4
MAEDA LUCAS TAKESHI,20341236151,2030 S.R.L.,30717068374,2026-08-18T00:00:00.000Z,2026-08-18T00:00:00.000Z,Microfonista,035348,035346,Disponible,estado,6a6b248f6db5eb54e982deff,5
PARRINELLO ETHEL INES,23148850984,2030 S.R.L.,30717068374,2026-08-19T00:00:00.000Z,2026-08-19T00:00:00.000Z,Peinador,035352,035350,Disponible,estado,696421da5dd723128ad69d73,55
PEREDA MARIANA SOLEDAD,27255114099,2030 S.R.L.,30717068374,2026-08-19T00:00:00.000Z,2026-08-19T00:00:00.000Z,Peinador,035352,035350,Disponible,estado,696423e95dd723128ad69f1f,10
MAEDA LUCAS TAKESHI,20341236151,2030 S.R.L.,30717068374,2026-08-19T00:00:00.000Z,2026-08-20T00:00:00.000Z,Microfonista,035348,035346,Disponible,estado,6a6b248f6db5eb54e982deff,6
PEREDA MARIANA SOLEDAD,27255114099,2030 S.R.L.,30717068374,2026-08-20T00:00:00.000Z,2026-08-21T00:00:00.000Z,Peinador,035352,035350,Disponible,estado,696423e95dd723128ad69f1f,11
MARIÑO NAIARA LUCILA,27321669358,2030 S.R.L.,30717068374,2026-08-20T00:00:00.000Z,2026-08-20T00:00:00.000Z,Peinador,035352,035350,Disponible,estado,6a2eb9e6feba0437c8a9b8ab,3
PARRINELLO ETHEL INES,23148850984,2030 S.R.L.,30717068374,2026-08-21T00:00:00.000Z,2026-08-21T00:00:00.000Z,Peinador,035352,035350,Disponible,estado,696421da5dd723128ad69d73,56
BARRERA MINNICELLI ISAIAS NAHUEL,20378665303,2030 S.R.L.,30717068374,2026-08-21T00:00:00.000Z,2026-08-22T00:00:00.000Z,Peinador,035352,035350,Disponible,estado,6a2eb9e6feba0437c8a9b8ac,13
DE SANTIS DAMIANO,20174524697,2030 S.R.L.,30717068374,2026-08-22T00:00:00.000Z,2026-08-22T00:00:00.000Z,Microfonista,035348,035346,Disponible,estado,696424a75dd723128ad69f63,144
BARRERA MINNICELLI ISAIAS NAHUEL,20378665303,2030 S.R.L.,30717068374,2026-08-22T00:00:00.000Z,2026-08-22T00:00:00.000Z,Peinador,035352,035350,Disponible,estado,6a2eb9e6feba0437c8a9b8ac,14
PARRINELLO ETHEL INES,23148850984,2030 S.R.L.,30717068374,2026-08-23T00:00:00.000Z,2026-08-23T00:00:00.000Z,Peinador,035352,035350,Disponible,estado,696421da5dd723128ad69d73,57
RAFFA VICTORIA,20238045518,2030 S.R.L.,30717068374,2026-08-23T00:00:00.000Z,2026-08-23T00:00:00.000Z,Peinador,035352,035350,Disponible,estado,696422e75dd723128ad69e3e,43
ROMERO GABRIELA AGUEDA,27204809696,2030 S.R.L.,30717068374,2026-08-23T00:00:00.000Z,2026-08-23T00:00:00.000Z,Peinador,035352,035350,Disponible,estado,696424945dd723128ad69f60,69
BARRERA MINNICELLI ISAIAS NAHUEL,20378665303,2030 S.R.L.,30717068374,2026-08-23T00:00:00.000Z,2026-08-23T00:00:00.000Z,Peinador,035352,035350,Disponible,estado,6a2eb9e6feba0437c8a9b8ac,15
PARRINELLO ETHEL INES,23148850984,2030 S.R.L.,30717068374,2026-08-24T00:00:00.000Z,2026-08-25T00:00:00.000Z,Peinador,035352,035350,Disponible,estado,696421da5dd723128ad69d73,58
CIEJOVICZ FABIO LUIS,20337272658,2030 S.R.L.,30717068374,2026-08-24T00:00:00.000Z,2026-08-29T00:00:00.000Z,Peinador,035352,035350,Disponible,estado,6964230c5dd723128ad69e5a,14
BARRERA MINNICELLI ISAIAS NAHUEL,20378665303,2030 S.R.L.,30717068374,2026-08-24T00:00:00.000Z,2026-08-26T00:00:00.000Z,Peinador,035352,035350,Disponible,estado,6a2eb9e6feba0437c8a9b8ac,16
PARRINELLO ETHEL INES,23148850984,2030 S.R.L.,30717068374,2026-08-26T00:00:00.000Z,2026-08-26T00:00:00.000Z,Peinador,035352,035350,Disponible,estado,696421da5dd723128ad69d73,59
DE SANTIS DAMIANO,20174524697,2030 S.R.L.,30717068374,2026-08-26T00:00:00.000Z,2026-08-28T00:00:00.000Z,Microfonista,035348,035346,Disponible,estado,696424a75dd723128ad69f63,145
BANEGAS LAILA SOFIA,27411727888,2030 S.R.L.,30717068374,2026-08-27T00:00:00.000Z,2026-08-28T00:00:00.000Z,Peinador,035352,035350,Disponible,estado,6a9d4da62759c248ed0e7622,0
DE SANTIS DAMIANO,20174524697,2030 S.R.L.,30717068374,2026-08-29T00:00:00.000Z,2026-08-29T00:00:00.000Z,Microfonista,035348,035346,Disponible,estado,696424a75dd723128ad69f63,146
BARRERA MINNICELLI ISAIAS NAHUEL,20378665303,2030 S.R.L.,30717068374,2026-08-29T00:00:00.000Z,2026-08-29T00:00:00.000Z,Peinador,035352,035350,Disponible,estado,6a2eb9e6feba0437c8a9b8ac,17
REBORA MARIA LAURA,27245915190,2030 S.R.L.,30717068374,2026-08-29T00:00:00.000Z,2026-08-29T00:00:00.000Z,Peinador,035352,035350,Disponible,estado,6a8495c015ceabf999656127,3
RAFFA VICTORIA,20238045518,2030 S.R.L.,30717068374,2026-08-30T00:00:00.000Z,2026-08-30T00:00:00.000Z,Peinador,035352,035350,Disponible,estado,696422e75dd723128ad69e3e,44
ROMERO GABRIELA AGUEDA,27204809696,2030 S.R.L.,30717068374,2026-08-30T00:00:00.000Z,2026-08-30T00:00:00.000Z,Peinador,035352,035350,Disponible,estado,696424945dd723128ad69f60,70
DE SANTIS DAMIANO,20174524697,2030 S.R.L.,30717068374,2026-08-30T00:00:00.000Z,2026-08-30T00:00:00.000Z,Microfonista,035348,035346,Disponible,estado,696424a75dd723128ad69f63,147
MARIÑO NAIARA LUCILA,27321669358,2030 S.R.L.,30717068374,2026-08-30T00:00:00.000Z,2026-08-30T00:00:00.000Z,Peinador,035352,035350,Disponible,estado,6a2eb9e6feba0437c8a9b8ab,4
BARRERA MINNICELLI ISAIAS NAHUEL,20378665303,2030 S.R.L.,30717068374,2026-08-30T00:00:00.000Z,2026-08-30T00:00:00.000Z,Peinador,035352,035350,Disponible,estado,6a2eb9e6feba0437c8a9b8ac,18
PARRINELLO ETHEL INES,23148850984,2030 S.R.L.,30717068374,2026-08-31T00:00:00.000Z,2026-08-31T00:00:00.000Z,Peinador,035352,035350,Disponible,estado,696421da5dd723128ad69d73,60
BARRERA MINNICELLI ISAIAS NAHUEL,20378665303,2030 S.R.L.,30717068374,2026-08-31T00:00:00.000Z,2026-09-05T00:00:00.000Z,Peinador,035352,035350,Disponible,estado,6a2eb9e6feba0437c8a9b8ac,19
CASTRO BRIAN EMANUEL,20412923767,2030 S.R.L.,30717068374,2026-09-01T00:00:00.000Z,2026-09-30T00:00:00.000Z,Utilero,035358,035356,Disponible,estado,6964237a5dd723128ad69eba,111
soria xiara,234734986344,2030 S.R.L.,30717068374,2026-09-01T00:00:00.000Z,2026-09-30T00:00:00.000Z,Microfonista,035348,035346,Disponible,estado,696423fd5dd723128ad69f2c,102
AQUINO ENZO GABRIEL,20442166987,2030 S.R.L.,30717068374,2026-09-01T00:00:00.000Z,2026-09-30T00:00:00.000Z,Utilero,035358,035356,Disponible,estado,696424b95dd723128ad69f68,142
MARIÑO NAIARA LUCILA,27321669358,2030 S.R.L.,30717068374,2026-09-01T00:00:00.000Z,2026-09-01T00:00:00.000Z,Peinador,035352,035350,Disponible,estado,6a2eb9e6feba0437c8a9b8ab,5
MARTINEZ ALVARO MANUEL,20365478792,2030 S.R.L.,30717068374,2026-09-01T00:00:00.000Z,2026-09-30T00:00:00.000Z,Utilero,035358,035356,Disponible,estado,6a4699697edc747f9d9dfe6a,4
PARRINELLO ETHEL INES,23148850984,2030 S.R.L.,30717068374,2026-09-02T00:00:00.000Z,2026-09-02T00:00:00.000Z,Peinador,035352,035350,Disponible,estado,696421da5dd723128ad69d73,61
PARRINELLO ETHEL INES,23148850984,2030 S.R.L.,30717068374,2026-09-05T00:00:00.000Z,2026-09-05T00:00:00.000Z,Peinador,035352,035350,Disponible,estado,696421da5dd723128ad69d73,62
BARRERA MINNICELLI ISAIAS NAHUEL,20378665303,2030 S.R.L.,30717068374,2026-09-05T00:00:00.000Z,2026-09-05T00:00:00.000Z,Peinador,035352,035350,Disponible,estado,6a2eb9e6feba0437c8a9b8ac,20
MAEDA LUCAS TAKESHI,20341236151,2030 S.R.L.,30717068374,2026-09-05T00:00:00.000Z,2026-09-05T00:00:00.000Z,Microfonista,035348,035346,Disponible,estado,6a6b248f6db5eb54e982deff,7
PARRINELLO ETHEL INES,23148850984,2030 S.R.L.,30717068374,2026-09-06T00:00:00.000Z,2026-09-06T00:00:00.000Z,Peinador,035352,035350,Disponible,estado,696421da5dd723128ad69d73,63
RAFFA VICTORIA,20238045518,2030 S.R.L.,30717068374,2026-09-06T00:00:00.000Z,2026-09-06T00:00:00.000Z,Peinador,035352,035350,Disponible,estado,696422e75dd723128ad69e3e,45
ROMERO GABRIELA AGUEDA,27204809696,2030 S.R.L.,30717068374,2026-09-06T00:00:00.000Z,2026-09-06T00:00:00.000Z,Peinador,035352,035350,Disponible,estado,696424945dd723128ad69f60,71
DE SANTIS DAMIANO,20174524697,2030 S.R.L.,30717068374,2026-09-06T00:00:00.000Z,2026-09-06T00:00:00.000Z,Microfonista,035348,035346,Disponible,estado,696424a75dd723128ad69f63,148
BARRERA MINNICELLI ISAIAS NAHUEL,20378665303,2030 S.R.L.,30717068374,2026-09-06T00:00:00.000Z,2026-09-06T00:00:00.000Z,Peinador,035352,035350,Disponible,estado,6a2eb9e6feba0437c8a9b8ac,21
PARRINELLO ETHEL INES,23148850984,2030 S.R.L.,30717068374,2026-09-07T00:00:00.000Z,2026-09-07T00:00:00.000Z,Peinador,035352,035350,Disponible,estado,696421da5dd723128ad69d73,64
PEREDA MARIANA SOLEDAD,27255114099,2030 S.R.L.,30717068374,2026-09-07T00:00:00.000Z,2026-09-07T00:00:00.000Z,Peinador,035352,035350,Disponible,estado,696423e95dd723128ad69f1f,12
BARRERA MINNICELLI ISAIAS NAHUEL,20378665303,2030 S.R.L.,30717068374,2026-09-07T00:00:00.000Z,2026-09-08T00:00:00.000Z,Peinador,035352,035350,Disponible,estado,6a2eb9e6feba0437c8a9b8ac,22
REBORA MARIA LAURA,27245915190,2030 S.R.L.,30717068374,2026-09-08T00:00:00.000Z,2026-09-08T00:00:00.000Z,Peinador,035352,035350,Disponible,estado,6a8495c015ceabf999656127,4
MAEDA LUCAS TAKESHI,20341236151,2030 S.R.L.,30717068374,2026-09-08T00:00:00.000Z,2026-09-10T00:00:00.000Z,Microfonista,035348,035346,Disponible,estado,6a6b248f6db5eb54e982deff,8
PARRINELLO ETHEL INES,23148850984,2030 S.R.L.,30717068374,2026-09-09T00:00:00.000Z,2026-09-09T00:00:00.000Z,Peinador,035352,035350,Disponible,estado,696421da5dd723128ad69d73,65
PARRINELLO ETHEL INES,23148850984,2030 S.R.L.,30717068374,2026-09-11T00:00:00.000Z,2026-09-12T00:00:00.000Z,Peinador,035352,035350,Disponible,estado,696421da5dd723128ad69d73,66
REBORA MARIA LAURA,27245915190,2030 S.R.L.,30717068374,2026-09-11T00:00:00.000Z,2026-09-11T00:00:00.000Z,Peinador,035352,035350,Disponible,estado,6a8495c015ceabf999656127,5
PARRINELLO ETHEL INES,23148850984,2030 S.R.L.,30717068374,2026-09-12T00:00:00.000Z,2026-09-12T00:00:00.000Z,Peinador,035352,035350,Disponible,estado,696421da5dd723128ad69d73,67
DE SANTIS DAMIANO,20174524697,2030 S.R.L.,30717068374,2026-09-12T00:00:00.000Z,2026-09-12T00:00:00.000Z,Microfonista,035348,035346,Disponible,estado,696424a75dd723128ad69f63,149
BARRERA MINNICELLI ISAIAS NAHUEL,20378665303,2030 S.R.L.,30717068374,2026-09-12T00:00:00.000Z,2026-09-12T00:00:00.000Z,Peinador,035352,035350,Disponible,estado,6a2eb9e6feba0437c8a9b8ac,23
PARRINELLO ETHEL INES,23148850984,2030 S.R.L.,30717068374,2026-09-13T00:00:00.000Z,2026-09-13T00:00:00.000Z,Peinador,035352,035350,Disponible,estado,696421da5dd723128ad69d73,68
RAFFA VICTORIA,20238045518,2030 S.R.L.,30717068374,2026-09-13T00:00:00.000Z,2026-09-13T00:00:00.000Z,Peinador,035352,035350,Disponible,estado,696422e75dd723128ad69e3e,46
ROMERO GABRIELA AGUEDA,27204809696,2030 S.R.L.,30717068374,2026-09-13T00:00:00.000Z,2026-09-13T00:00:00.000Z,Peinador,035352,035350,Disponible,estado,696424945dd723128ad69f60,72
DE SANTIS DAMIANO,20174524697,2030 S.R.L.,30717068374,2026-09-13T00:00:00.000Z,2026-09-13T00:00:00.000Z,Microfonista,035348,035346,Disponible,estado,696424a75dd723128ad69f63,150
BARRERA MINNICELLI ISAIAS NAHUEL,20378665303,2030 S.R.L.,30717068374,2026-09-13T00:00:00.000Z,2026-09-13T00:00:00.000Z,Peinador,035352,035350,Disponible,estado,6a2eb9e6feba0437c8a9b8ac,24
PARRINELLO ETHEL INES,23148850984,2030 S.R.L.,30717068374,2026-09-14T00:00:00.000Z,2026-09-14T00:00:00.000Z,Peinador,035352,035350,Disponible,estado,696421da5dd723128ad69d73,69
BARRERA MINNICELLI ISAIAS NAHUEL,20378665303,2030 S.R.L.,30717068374,2026-09-14T00:00:00.000Z,2026-09-19T00:00:00.000Z,Peinador,035352,035350,Disponible,estado,6a2eb9e6feba0437c8a9b8ac,25
PARRINELLO ETHEL INES,23148850984,2030 S.R.L.,30717068374,2026-09-16T00:00:00.000Z,2026-09-16T00:00:00.000Z,Peinador,035352,035350,Disponible,estado,696421da5dd723128ad69d73,70
DE SANTIS DAMIANO,20174524697,2030 S.R.L.,30717068374,2026-09-16T00:00:00.000Z,2026-09-16T00:00:00.000Z,Microfonista,035348,035346,Disponible,estado,696424a75dd723128ad69f63,151
BANEGAS LAILA SOFIA,27411727888,2030 S.R.L.,30717068374,2026-09-19,2026-09-19,Peinador,035352,035350,Disponible,estado,6a9d4da62759c248ed0e7622,1
BANEGAS LAILA SOFIA,27411727888,2030 S.R.L.,30717068374,2026-09-19,2026-09-19,Peinador,035352,035350,Disponible,estado,6a9d4da62759c248ed0e7622,2
TEMPORA JOEL ALEXIS,20379960023,FZERO S.R.L,30710295839,2026-05-01T00:00:00.000Z,,Asistente de cámara especializado / Grip,035340,035358,Disponible,estado,696421ae5dd723128ad69d45,7
CARNEIRO LEANDRO MATIAS,20370406678,FZERO S.R.L,30710295839,2026-05-01T00:00:00.000Z,,Microfonista,035348,035346,Disponible,estado,6964243f5dd723128ad69f3e,8
MONTENEGRO PABLO JAVIER,20301160926,FZERO S.R.L,30710295839,2026-05-01T00:00:00.000Z,,Microfonista,035348,035346,Disponible,estado,696424925dd723128ad69f5f,7
VIGO PATRICIO FAVIO,20455805407,FZERO S.R.L,30710295839,2026-05-01T00:00:00.000Z,,Asistente de cámara especializado / Grip,035340,035358,Disponible,estado,696424bc5dd723128ad69f69,7
SOSTEGNO LUIS,20289103431,FZERO S.R.L,30710295839,2026-05-01T00:00:00.000Z,,Asistente de cámara especializado / Grip,035340,035358,Disponible,estado,696424d95dd723128ad69f75,8
HERNANDEZ DUNN FACUNDO ARIEL,20434475342,FZERO S.R.L,30710295839,2026-05-01T00:00:00.000Z,,Auxiliar de Estudios,035342,035340,Disponible,estado,696424de5dd723128ad69f78,8
ROLDAN MALENA SOL,27333626727,FZERO S.R.L,30710295839,2026-06-01T00:00:00.000Z,2026-09-30T00:00:00.000Z,Auxiliar Administrativo,035341,035339,Disponible,estado,6a9d4db42759c248ed0e8885,0
ABAL MIGUEL A,20132717193,FZERO S.R.L,30710295839,2026-06-15T00:00:00.000Z,2026-06-30T00:00:00.000Z,Fotógrafo,035317,035315,Disponible,estado,6a37efed41dee016a0dec7b0,0
BAZZANO MARCELA ALICIA,27112170702,FZERO S.R.L,30710295839,2026-06-16T00:00:00.000Z,2026-06-30T00:00:00.000Z,Ambientador General,035312,035324,Disponible,estado,6a37eff041dee016a0dec7df,0
ALBA VERONICA,27281762287,FZERO S.R.L,30710295839,2026-06-22T00:00:00.000Z,2026-06-30T00:00:00.000Z,Asistente de Arte,035339,035359,Disponible,estado,6a4699407edc747f9d9dc02f,0
MARIÑO ANABEL LORENA,27293052064,FZERO S.R.L,30710295839,2026-06-22T00:00:00.000Z,2026-06-30T00:00:00.000Z,Asistente de Arte,035339,035359,Disponible,estado,6a46995d7edc747f9d9df195,0
HENRIQUEZ ALISTE CARLOS ANDRES,20924062976,FZERO S.R.L,30710295839,2026-07-01,,Asistente de Iluminación,035313,035312,Envio de documentacion,estado,696422645dd723128ad69e0c,8
AQUINO MAURICIO MARTIN,23463513929,FZERO S.R.L,30710295839,2026-07-01,,Asistente de Iluminación,035313,035312,Envio de documentacion,estado,696423bd5dd723128ad69ef8,8
HENRIQUEZ ALISTE CARLOS ANDRES,20924062976,FZERO S.R.L,30710295839,2026-07-01T00:00:00.000Z,,Asistente de Iluminación,035313,035312,Envio de documentacion,estado,696422645dd723128ad69e0c,9
AQUINO MAURICIO MARTIN,23463513929,FZERO S.R.L,30710295839,2026-07-01T00:00:00.000Z,,Asistente de Iluminación,035313,035312,Envio de documentacion,estado,696423bd5dd723128ad69ef8,9
ABAL MIGUEL A,20132717193,FZERO S.R.L,30710295839,2026-07-01T00:00:00.000Z,2026-07-16T00:00:00.000Z,Fotógrafo,035317,035315,Disponible,estado,6a37efed41dee016a0dec7b0,2
ALBA VERONICA,27281762287,FZERO S.R.L,30710295839,2026-07-01T00:00:00.000Z,2026-07-16T00:00:00.000Z,Asistente de Arte,035339,035359,Disponible,estado,6a4699407edc747f9d9dc02f,1
BAZZANO MARCELA ALICIA,27112170702,FZERO S.R.L,30710295839,2026-07-01T00:00:00.000Z,2026-07-16T00:00:00.000Z,Ambientador General,035312,035324,Disponible,estado,6a37eff041dee016a0dec7df,1
MARIÑO ANABEL LORENA,27293052064,FZERO S.R.L,30710295839,2026-07-01T00:00:00.000Z,2026-07-16T00:00:00.000Z,Asistente de Arte,035339,035359,Disponible,estado,6a46995d7edc747f9d9df195,1
GIRALDO ESTEFANIA,27307432612,FZERO S.R.L,30710295839,2026-07-01T00:00:00.000Z,2026-07-16T00:00:00.000Z,Escenógrafo,035287,035286,Disponible,estado,6a6b24b46db5eb54e9831b82,0
ACEVEDO JULIO ALBERTO,20290800936,FZERO S.R.L,30710295839,2026-07-06T00:00:00.000Z,2026-08-16T00:00:00.000Z,Iluminador,035288,035287,Disponible,estado,6a6b24a76db5eb54e9830542,0
VALFRE MIGUEL ALEJANDRO,23278081559,FZERO S.R.L,30710295839,2026-07-06T00:00:00.000Z,2026-07-14T00:00:00.000Z,Iluminador,035288,035287,Disponible,estado,6a6b24a16db5eb54e982ff79,0
FRANCO ORTIZ PABLO ENRIQUE,20190896685,FZERO S.R.L,30710295839,2026-07-13T00:00:00.000Z,2026-07-14T00:00:00.000Z,Técnico de Mantenimiento Electónico,035292,035291,Disponible,estado,6a6b24956db5eb54e982ed76,1
CALVO MELANY GISELLE,27409470160,FZERO S.R.L,30710295839,2026-07-23T00:00:00.000Z,2026-08-21T00:00:00.000Z,Fotógrafo,035317,035315,Disponible,estado,6a6b24c46db5eb54e98327d6,0
